effective_date,provider_slug,gpu_slug,gpu_count,pricing_type,commitment_months,price_per_hour_usd,total_hourly_usd,vram_gb,architecture,max_gpus_per_node,currency,exchange_rate_to_usd,provider,gpu,source_url,last_updated,flags
2026-05-12,together-ai,b200,1,reserved,3,6.75,6.75,192,Blackwell,8,USD,1,Together AI,B200,https://www.together.ai/pricing,2026-05-12T09:00:40.662781+00:00,
2026-05-12,together-ai,b200,1,reserved,6,6.39,6.39,192,Blackwell,8,USD,1,Together AI,B200,https://www.together.ai/pricing,2026-05-12T09:00:40.737049+00:00,
2026-05-12,together-ai,h100,1,reserved,3,3.09,3.09,80,Hopper,8,USD,1,Together AI,H100 SXM,https://www.together.ai/pricing,2026-05-12T09:00:40.616928+00:00,
2026-05-12,together-ai,h100,1,reserved,6,2.95,2.95,80,Hopper,8,USD,1,Together AI,H100 SXM,https://www.together.ai/pricing,2026-05-12T09:00:40.693853+00:00,
2026-05-12,together-ai,h200,1,reserved,3,3.65,3.65,141,Hopper,8,USD,1,Together AI,H200,https://www.together.ai/pricing,2026-05-12T09:00:40.639548+00:00,
2026-05-12,together-ai,h200,1,reserved,6,3.29,3.29,141,Hopper,8,USD,1,Together AI,H200,https://www.together.ai/pricing,2026-05-12T09:00:40.716934+00:00,
2026-05-13,paperspace,a100sxm,1,reserved,36,1.15,1.15,80,Ampere,8,USD,1,Paperspace,A100 SXM,https://www.paperspace.com/pricing,2026-05-13T23:01:39.624494+00:00,
2026-05-13,paperspace,h100,1,reserved,36,2.24,2.24,80,Hopper,8,USD,1,Paperspace,H100 SXM,https://www.paperspace.com/pricing,2026-05-13T23:01:39.598938+00:00,
2026-05-14,tensordock,h100,1,on_demand,,2.25,2.25,80,Hopper,8,USD,1,TensorDock,H100 SXM,https://www.tensordock.com/cloud-gpus.html,2026-05-14T05:01:16.720579+00:00,
2026-05-14,together-ai,b200,1,reserved,1,9.65,9.65,192,Blackwell,8,USD,1,Together AI,B200,https://www.together.ai/pricing,2026-05-14T09:01:29.426109+00:00,
2026-05-14,together-ai,h100,1,reserved,1,3.45,3.45,80,Hopper,8,USD,1,Together AI,H100 SXM,https://www.together.ai/pricing,2026-05-14T09:01:29.339087+00:00,
2026-05-14,together-ai,h200,1,reserved,1,3.99,3.99,141,Hopper,8,USD,1,Together AI,H200,https://www.together.ai/pricing,2026-05-14T09:01:29.383841+00:00,
2026-05-15,acecloud,a100sxm,1,on_demand,,3.3995,3.3995,80,Ampere,4,USD,1,AceCloud,A100 SXM,https://acecloud.ai/pricing/,2026-05-15T00:01:53.294256+00:00,
2026-05-15,acecloud,a100sxm,2,on_demand,,3.3995,6.799,80,Ampere,4,USD,1,AceCloud,A100 SXM,https://acecloud.ai/pricing/,2026-05-15T00:01:53.273596+00:00,
2026-05-15,acecloud,a100sxm,4,on_demand,,3.3995,13.598,80,Ampere,4,USD,1,AceCloud,A100 SXM,https://acecloud.ai/pricing/,2026-05-15T00:01:53.254112+00:00,
2026-05-15,acecloud,h100,1,on_demand,,5.7445,5.7445,80,Hopper,8,USD,1,AceCloud,H100 SXM,https://acecloud.ai/pricing/,2026-05-15T00:01:53.026907+00:00,
2026-05-15,acecloud,h100,2,on_demand,,5.7445,11.489,80,Hopper,8,USD,1,AceCloud,H100 SXM,https://acecloud.ai/pricing/,2026-05-15T00:01:53.209393+00:00,
2026-05-15,acecloud,h100,4,on_demand,,5.7445,22.978,80,Hopper,8,USD,1,AceCloud,H100 SXM,https://acecloud.ai/pricing/,2026-05-15T00:01:53.412669+00:00,
2026-05-15,acecloud,h100,8,on_demand,,5.7445,45.956,80,Hopper,8,USD,1,AceCloud,H100 SXM,https://acecloud.ai/pricing/,2026-05-15T00:01:53.392526+00:00,
2026-05-15,acecloud,h200,1,on_demand,,6.27,6.27,141,Hopper,4,USD,1,AceCloud,H200,https://acecloud.ai/pricing/,2026-05-15T00:01:52.985962+00:00,
2026-05-15,acecloud,h200,2,on_demand,,6.77,13.54,141,Hopper,4,USD,1,AceCloud,H200,https://acecloud.ai/pricing/,2026-05-15T00:01:52.944425+00:00,
2026-05-15,acecloud,h200,4,on_demand,,6.77,27.08,141,Hopper,4,USD,1,AceCloud,H200,https://acecloud.ai/pricing/,2026-05-15T00:01:52.964745+00:00,
2026-05-15,gcore,a100sxm,2,on_demand,,1.4651,2.9302,80,Ampere,8,EUR,1.1628,Gcore,A100 SXM,https://gcore.com/pricing,2026-05-15T13:30:09.163231+00:00,
2026-05-15,gcore,a100sxm,4,on_demand,,1.4651,5.8604,80,Ampere,8,EUR,1.1628,Gcore,A100 SXM,https://gcore.com/pricing,2026-05-15T13:30:09.207560+00:00,
2026-05-15,genesis,h100,8,reserved,9,1.75,14,80,Hopper,8,USD,1,Genesis Cloud,H100 SXM,https://www.genesiscloud.com/pricing,2026-05-15T01:03:59.320050+00:00,
2026-05-18,latitude,a100sxm,1,on_demand,,1.28,1.28,80,Ampere,8,USD,1,Latitude.sh,A100 SXM,https://shadeform.com/directory/instances?cloud=massedcompute&gputype=A100_80G&numgpus=1&referral=6B321750,2026-05-18T00:00:10.549895+00:00,
2026-05-18,latitude,a100sxm,2,on_demand,,1.28,2.56,80,Ampere,8,USD,1,Latitude.sh,A100 SXM,https://shadeform.com/directory/instances?cloud=massedcompute&gputype=A100_80G&numgpus=2&referral=6B321750,2026-05-18T00:00:10.531567+00:00,
2026-05-18,latitude,a100sxm,4,on_demand,,1.28,5.12,80,Ampere,8,USD,1,Latitude.sh,A100 SXM,https://shadeform.com/directory/instances?cloud=massedcompute&gputype=A100_80G&numgpus=4&referral=6B321750,2026-05-18T00:00:10.568906+00:00,
2026-05-18,latitude,a100sxm,8,on_demand,,1.28,10.24,80,Ampere,8,USD,1,Latitude.sh,A100 SXM,https://shadeform.com/directory/instances?cloud=massedcompute&gputype=A100_80G&numgpus=8&referral=6B321750,2026-05-18T00:00:10.496028+00:00,
2026-05-18,latitude,h100,2,on_demand,,2.98,5.96,80,Hopper,8,USD,1,Latitude.sh,H100 SXM,https://shadeform.com/directory/instances?cloud=massedcompute&gputype=H100&numgpus=2&referral=6B321750,2026-05-18T00:00:10.658819+00:00,
2026-05-18,latitude,h100nvl,2,on_demand,,3.16,6.32,94,Hopper,8,USD,1,Latitude.sh,H100 NVL,https://shadeform.com/directory/instances?cloud=massedcompute&gputype=H100_NVL&numgpus=2&referral=6B321750,2026-05-18T00:00:09.964896+00:00,
2026-05-18,latitude,h100nvl,4,on_demand,,3.16,12.64,94,Hopper,8,USD,1,Latitude.sh,H100 NVL,https://shadeform.com/directory/instances?cloud=massedcompute&gputype=H100_NVL&numgpus=4&referral=6B321750,2026-05-18T00:00:10.694196+00:00,
2026-05-18,latitude,h100nvl,8,on_demand,,3.16,25.28,94,Hopper,8,USD,1,Latitude.sh,H100 NVL,https://shadeform.com/directory/instances?cloud=massedcompute&gputype=H100_NVL&numgpus=8&referral=6B321750,2026-05-18T00:00:09.910421+00:00,
2026-05-19,coreweave,gb200,41,on_demand,,1.0244,42.0004,384,Blackwell,41,USD,1,CoreWeave,GB200,https://coreweave.com/gpu-cloud-pricing,2026-05-19T01:00:37.575821+00:00,gpu_count_out_of_range
2026-05-20,gcore,h100,8,reserved,12,2.146,17.168,80,Hopper,8,EUR,1.16,Gcore,H100 SXM,https://gcore.com/pricing,2026-05-20T11:01:34.484049+00:00,
2026-05-20,gcore,h100,8,reserved,36,16.24,129.92,80,Hopper,8,EUR,1.16,Gcore,H100 SXM,https://gcore.com/pricing,2026-05-20T11:01:34.617069+00:00,
2026-05-21,upcloud,h100,4,on_demand,,7.56,30.24,80,Hopper,8,USD,1,UpCloud,H100 SXM,https://upcloud.com/pricing/,2026-05-21T15:00:54.169575+00:00,
2026-05-21,upcloud,h100,8,on_demand,,15.12,120.96,80,Hopper,8,USD,1,UpCloud,H100 SXM,https://upcloud.com/pricing/,2026-05-21T15:00:54.215694+00:00,
2026-05-23,upcloud,b200,4,on_demand,,5.2178,20.8712,192,Blackwell,8,EUR,1.1595,UpCloud,B200,https://upcloud.com/pricing/,2026-05-23T23:01:34.009110+00:00,
2026-05-23,upcloud,b200,8,on_demand,,5.2178,41.7424,192,Blackwell,8,EUR,1.1595,UpCloud,B200,https://upcloud.com/pricing/,2026-05-23T23:01:34.046364+00:00,
2026-05-24,vultr,mi300x,8,on_demand,,1.85,14.8,192,CDNA 3,8,USD,1,Vultr,MI300X,https://www.vultr.com/pricing/,2026-05-24T03:01:14.257466+00:00,
2026-05-27,tensordock,a100sxm,2,on_demand,,0.85,1.7,80,Ampere,8,USD,1,TensorDock,A100 SXM,https://dashboard.tensordock.com/api/v2/hostnodes,2026-05-27T00:00:47.892516+00:00,
2026-05-28,gcore,h100,2,on_demand,,3.5548,7.1096,80,Hopper,8,EUR,1.1617,Gcore,H100 SXM,https://gcore.com/pricing,2026-05-28T19:00:47.123200+00:00,
2026-05-28,gcore,h100,4,on_demand,,7.1096,28.4384,80,Hopper,8,EUR,1.1617,Gcore,H100 SXM,https://gcore.com/pricing,2026-05-28T19:00:47.150768+00:00,
2026-05-29,gcore,a100sxm,8,reserved,12,9.6412,77.1296,80,Ampere,8,EUR,1.1644,Gcore,A100 SXM,https://gcore.com/pricing,2026-05-29T21:01:11.060969+00:00,
2026-05-29,gcore,a100sxm,8,reserved,36,8.3837,67.0696,80,Ampere,8,EUR,1.1644,Gcore,A100 SXM,https://gcore.com/pricing,2026-05-29T21:01:11.156004+00:00,
2026-05-29,gcore,h200,8,reserved,12,19.2825,154.26,141,Hopper,8,EUR,1.1644,Gcore,H200,https://gcore.com/pricing,2026-05-29T21:01:11.110963+00:00,
2026-05-29,gcore,h200,8,reserved,36,18.4441,147.553,141,Hopper,8,EUR,1.1644,Gcore,H200,https://gcore.com/pricing,2026-05-29T21:01:11.211767+00:00,
2026-05-29,genesis,b200,8,on_demand,,3.75,30,192,Blackwell,8,USD,1,Genesis Cloud,B200,https://www.genesiscloud.com/pricing,2026-05-29T23:04:33.961549+00:00,
2026-05-29,genesis,b200,8,reserved,36,2.8,22.4,192,Blackwell,8,USD,1,Genesis Cloud,B200,https://www.genesiscloud.com/pricing,2026-05-29T23:04:33.996444+00:00,
2026-05-29,genesis,h100,8,on_demand,,2.19,17.52,80,Hopper,8,USD,1,Genesis Cloud,H100 SXM,https://www.genesiscloud.com/pricing,2026-05-29T23:04:33.779484+00:00,
2026-05-29,genesis,h100,8,reserved,3,1.89,15.12,80,Hopper,8,USD,1,Genesis Cloud,H100 SXM,https://www.genesiscloud.com/pricing,2026-05-29T23:04:33.818182+00:00,
2026-05-29,genesis,h100,8,reserved,6,1.75,14,80,Hopper,8,USD,1,Genesis Cloud,H100 SXM,https://www.genesiscloud.com/pricing,2026-05-29T23:04:33.852871+00:00,
2026-05-29,genesis,h100,8,reserved,12,1.6,12.8,80,Hopper,8,USD,1,Genesis Cloud,H100 SXM,https://www.genesiscloud.com/pricing,2026-05-29T23:04:33.892096+00:00,
2026-05-29,genesis,h200,8,on_demand,,2.8,22.4,141,Hopper,8,USD,1,Genesis Cloud,H200,https://www.genesiscloud.com/pricing,2026-05-29T23:04:33.926399+00:00,
2026-05-29,vast,a100sxm,4,on_demand,,1.1339,4.5356,80,Ampere,4,USD,1,Vast.ai,A100 SXM,https://cloud.vast.ai/?ref_id=236521,2026-05-29T00:00:36.097260+00:00,
2026-05-29,vast,b200,1,on_demand,,4.2329,4.2329,192,Blackwell,1,USD,1,Vast.ai,B200,https://cloud.vast.ai/?ref_id=236521,2026-05-29T00:00:36.077147+00:00,
2026-05-30,vast,a100sxm,2,on_demand,,1.1352,2.2704,80,Ampere,4,USD,1,Vast.ai,A100 SXM,https://cloud.vast.ai/?ref_id=236521,2026-05-30T00:00:20.038116+00:00,
2026-05-30,vast,h100nvl,1,on_demand,,2.5222,2.5222,94,Hopper,1,USD,1,Vast.ai,H100 NVL,https://cloud.vast.ai/?ref_id=236521,2026-05-30T00:00:20.113929+00:00,
2026-05-30,vast,h200,1,on_demand,,4.0022,4.0022,141,Hopper,1,USD,1,Vast.ai,H200,https://cloud.vast.ai/?ref_id=236521,2026-05-30T00:00:20.313096+00:00,
2026-06-01,azure,h100nvl,1,on_demand,,6.98,6.98,94,Hopper,2,USD,1,Microsoft Azure,H100 NVL,https://azure.microsoft.com/en-us/pricing/details/virtual-machines/linux/,2026-06-01T15:04:24.049664+00:00,
2026-06-01,azure,h100nvl,1,reserved,12,5.8067,5.8067,94,Hopper,2,USD,1,Microsoft Azure,H100 NVL,https://azure.microsoft.com/en-us/pricing/details/virtual-machines/linux/,2026-06-01T15:04:24.074745+00:00,
2026-06-01,azure,h100nvl,1,reserved,36,4.306,4.306,94,Hopper,2,USD,1,Microsoft Azure,H100 NVL,https://azure.microsoft.com/en-us/pricing/details/virtual-machines/linux/,2026-06-01T15:04:24.099312+00:00,
2026-06-01,azure,h100nvl,1,spot,,2.1924,2.1924,94,Hopper,2,USD,1,Microsoft Azure,H100 NVL,https://azure.microsoft.com/en-us/pricing/details/virtual-machines/linux/,2026-06-01T15:04:24.160805+00:00,
2026-06-01,azure,h100nvl,2,on_demand,,6.98,13.96,94,Hopper,2,USD,1,Microsoft Azure,H100 NVL,https://azure.microsoft.com/en-us/pricing/details/virtual-machines/linux/,2026-06-01T15:04:24.185834+00:00,
2026-06-01,azure,h100nvl,2,reserved,12,5.8067,11.6134,94,Hopper,2,USD,1,Microsoft Azure,H100 NVL,https://azure.microsoft.com/en-us/pricing/details/virtual-machines/linux/,2026-06-01T15:04:24.208500+00:00,
2026-06-01,azure,h100nvl,2,reserved,36,4.306,8.612,94,Hopper,2,USD,1,Microsoft Azure,H100 NVL,https://azure.microsoft.com/en-us/pricing/details/virtual-machines/linux/,2026-06-01T15:04:24.230537+00:00,
2026-06-01,azure,h100nvl,2,spot,,2.1924,4.3848,94,Hopper,2,USD,1,Microsoft Azure,H100 NVL,https://azure.microsoft.com/en-us/pricing/details/virtual-machines/linux/,2026-06-01T15:04:24.251351+00:00,
2026-06-02,hotaisle,mi300x,8,on_demand,,3.39,27.12,192,CDNA 3,8,USD,1,Hot Aisle,MI300X,https://hotaisle.xyz/pricing/,2026-06-02T17:01:10.710307+00:00,
2026-06-03,tensordock,a100sxm,1,on_demand,,0.95,0.95,80,Ampere,8,USD,1,TensorDock,A100 SXM,https://dashboard.tensordock.com/api/v2/hostnodes,2026-06-03T00:01:20.218759+00:00,
2026-06-03,upcloud,b200,1,on_demand,,5.2263,5.2263,192,Blackwell,8,EUR,1.1614,UpCloud,B200,https://upcloud.com/pricing/,2026-06-03T13:00:39.602612+00:00,
2026-06-03,upcloud,b200,2,on_demand,,5.2263,10.4526,192,Blackwell,8,EUR,1.1614,UpCloud,B200,https://upcloud.com/pricing/,2026-06-03T13:00:39.790336+00:00,
2026-06-03,upcloud,b200,3,on_demand,,4.6456,13.9368,192,Blackwell,8,EUR,1.1614,UpCloud,B200,https://upcloud.com/pricing/,2026-06-03T13:00:39.905517+00:00,
2026-06-03,upcloud,h100,1,on_demand,,2.0789,2.0789,80,Hopper,8,EUR,1.1614,UpCloud,H100 SXM,https://upcloud.com/pricing/,2026-06-03T13:00:39.559503+00:00,
2026-06-03,upcloud,h100,2,on_demand,,2.0789,4.1578,80,Hopper,8,EUR,1.1614,UpCloud,H100 SXM,https://upcloud.com/pricing/,2026-06-03T13:00:39.749672+00:00,
2026-06-03,upcloud,h100,3,on_demand,,2.3344,7.0032,80,Hopper,8,EUR,1.1614,UpCloud,H100 SXM,https://upcloud.com/pricing/,2026-06-03T13:00:39.876919+00:00,
2026-06-03,vultr,mi300x,1,on_demand,,1.85,1.85,192,CDNA 3,8,USD,1,Vultr,MI300X,https://www.vultr.com/pricing/,2026-06-03T15:01:47.373572+00:00,
2026-06-04,azure,a100sxm,1,on_demand,,3.673,3.673,80,Ampere,8,USD,1,Microsoft Azure,A100 SXM,https://azure.microsoft.com/en-us/pricing/details/virtual-machines/linux/,2026-06-04T01:03:59.156138+00:00,
2026-06-04,azure,a100sxm,1,reserved,12,3.0574,3.0574,80,Ampere,8,USD,1,Microsoft Azure,A100 SXM,https://azure.microsoft.com/en-us/pricing/details/virtual-machines/linux/,2026-06-04T01:03:59.176264+00:00,
2026-06-04,azure,a100sxm,1,reserved,36,2.2659,2.2659,80,Ampere,8,USD,1,Microsoft Azure,A100 SXM,https://azure.microsoft.com/en-us/pricing/details/virtual-machines/linux/,2026-06-04T01:03:59.194700+00:00,
2026-06-04,azure,a100sxm,1,spot,,0.8213,0.8213,80,Ampere,8,USD,1,Microsoft Azure,A100 SXM,https://azure.microsoft.com/en-us/pricing/details/virtual-machines/linux/,2026-06-04T01:03:59.215730+00:00,
2026-06-04,azure,a100sxm,2,on_demand,,3.673,7.346,80,Ampere,8,USD,1,Microsoft Azure,A100 SXM,https://azure.microsoft.com/en-us/pricing/details/virtual-machines/linux/,2026-06-04T01:03:59.234271+00:00,
2026-06-04,azure,a100sxm,2,reserved,12,3.0574,6.1148,80,Ampere,8,USD,1,Microsoft Azure,A100 SXM,https://azure.microsoft.com/en-us/pricing/details/virtual-machines/linux/,2026-06-04T01:03:59.254766+00:00,
2026-06-04,azure,a100sxm,2,reserved,36,2.2659,4.5318,80,Ampere,8,USD,1,Microsoft Azure,A100 SXM,https://azure.microsoft.com/en-us/pricing/details/virtual-machines/linux/,2026-06-04T01:03:59.272947+00:00,
2026-06-04,azure,a100sxm,2,spot,,0.8213,1.6426,80,Ampere,8,USD,1,Microsoft Azure,A100 SXM,https://azure.microsoft.com/en-us/pricing/details/virtual-machines/linux/,2026-06-04T01:03:59.290661+00:00,
2026-06-04,azure,a100sxm,4,on_demand,,3.673,14.692,80,Ampere,8,USD,1,Microsoft Azure,A100 SXM,https://azure.microsoft.com/en-us/pricing/details/virtual-machines/linux/,2026-06-04T01:03:59.310355+00:00,
2026-06-04,azure,a100sxm,4,reserved,12,3.0574,12.2296,80,Ampere,8,USD,1,Microsoft Azure,A100 SXM,https://azure.microsoft.com/en-us/pricing/details/virtual-machines/linux/,2026-06-04T01:03:59.328609+00:00,
2026-06-04,azure,a100sxm,4,reserved,36,2.2659,9.0636,80,Ampere,8,USD,1,Microsoft Azure,A100 SXM,https://azure.microsoft.com/en-us/pricing/details/virtual-machines/linux/,2026-06-04T01:03:59.347550+00:00,
2026-06-04,azure,a100sxm,4,spot,,0.8213,3.2852,80,Ampere,8,USD,1,Microsoft Azure,A100 SXM,https://azure.microsoft.com/en-us/pricing/details/virtual-machines/linux/,2026-06-04T01:03:59.366156+00:00,
2026-06-04,azure,a100sxm,8,on_demand,,3.3996,27.1968,80,Ampere,8,USD,1,Microsoft Azure,A100 SXM,https://azure.microsoft.com/en-us/pricing/details/virtual-machines/linux/,2026-06-04T01:03:59.627482+00:00,
2026-06-04,azure,a100sxm,8,reserved,12,2.8275,22.62,80,Ampere,8,USD,1,Microsoft Azure,A100 SXM,https://azure.microsoft.com/en-us/pricing/details/virtual-machines/linux/,2026-06-04T01:03:59.646451+00:00,
2026-06-04,azure,a100sxm,8,reserved,36,1.7032,13.6256,80,Ampere,8,USD,1,Microsoft Azure,A100 SXM,https://azure.microsoft.com/en-us/pricing/details/virtual-machines/linux/,2026-06-04T01:03:59.664905+00:00,
2026-06-04,azure,a100sxm,8,spot,,0.7479,5.9832,80,Ampere,8,USD,1,Microsoft Azure,A100 SXM,https://azure.microsoft.com/en-us/pricing/details/virtual-machines/linux/,2026-06-04T01:03:59.683306+00:00,
2026-06-04,azure,h100,1,on_demand,,6.98,6.98,80,Hopper,8,USD,1,Microsoft Azure,H100 SXM,https://azure.microsoft.com/en-us/pricing/details/virtual-machines/linux/,2026-06-04T01:03:58.347823+00:00,
2026-06-04,azure,h100,1,reserved,12,5.8067,5.8067,80,Hopper,8,USD,1,Microsoft Azure,H100 SXM,https://azure.microsoft.com/en-us/pricing/details/virtual-machines/linux/,2026-06-04T01:03:58.393724+00:00,
2026-06-04,azure,h100,1,reserved,36,4.306,4.306,80,Hopper,8,USD,1,Microsoft Azure,H100 SXM,https://azure.microsoft.com/en-us/pricing/details/virtual-machines/linux/,2026-06-04T01:03:58.423684+00:00,
2026-06-04,azure,h100,1,spot,,1.7541,1.7541,80,Hopper,8,USD,1,Microsoft Azure,H100 SXM,https://azure.microsoft.com/en-us/pricing/details/virtual-machines/linux/,2026-06-04T01:03:58.447569+00:00,
2026-06-04,azure,h100,2,on_demand,,6.98,13.96,80,Hopper,8,USD,1,Microsoft Azure,H100 SXM,https://azure.microsoft.com/en-us/pricing/details/virtual-machines/linux/,2026-06-04T01:03:58.469853+00:00,
2026-06-04,azure,h100,2,reserved,12,5.8067,11.6134,80,Hopper,8,USD,1,Microsoft Azure,H100 SXM,https://azure.microsoft.com/en-us/pricing/details/virtual-machines/linux/,2026-06-04T01:03:58.501110+00:00,
2026-06-04,azure,h100,2,reserved,36,4.306,8.612,80,Hopper,8,USD,1,Microsoft Azure,H100 SXM,https://azure.microsoft.com/en-us/pricing/details/virtual-machines/linux/,2026-06-04T01:03:58.525207+00:00,
2026-06-04,azure,h100,2,spot,,1.7541,3.5082,80,Hopper,8,USD,1,Microsoft Azure,H100 SXM,https://azure.microsoft.com/en-us/pricing/details/virtual-machines/linux/,2026-06-04T01:03:58.556020+00:00,
2026-06-04,azure,h100,8,on_demand,,12.29,98.32,80,Hopper,8,USD,1,Microsoft Azure,H100 SXM,https://azure.microsoft.com/en-us/pricing/details/virtual-machines/linux/,2026-06-04T01:03:59.701729+00:00,
2026-06-04,azure,h100,8,spot,,2.2712,18.1696,80,Hopper,8,USD,1,Microsoft Azure,H100 SXM,https://azure.microsoft.com/en-us/pricing/details/virtual-machines/linux/,2026-06-04T01:03:59.779950+00:00,
2026-06-04,deep-infra,a100sxm,1,reserved,1,0.89,0.89,80,Ampere,1,USD,1,Deep Infra,A100 SXM,https://deepinfra.com/pricing,2026-06-04T13:00:46.265655+00:00,
2026-06-04,deep-infra,b200,1,reserved,1,2.79,2.79,192,Blackwell,1,USD,1,Deep Infra,B200,https://deepinfra.com/pricing,2026-06-04T13:00:46.367121+00:00,
2026-06-04,deep-infra,h100,1,reserved,1,1.79,1.79,80,Hopper,1,USD,1,Deep Infra,H100 SXM,https://deepinfra.com/pricing,2026-06-04T13:00:46.312307+00:00,
2026-06-04,deep-infra,h200,1,reserved,1,2.19,2.19,141,Hopper,1,USD,1,Deep Infra,H200,https://deepinfra.com/pricing,2026-06-04T13:00:46.338792+00:00,
2026-06-05,gcore,a100sxm,1,on_demand,,1.4666,1.4666,80,Ampere,8,EUR,1.164,Gcore,A100 SXM,https://gcore.com/pricing,2026-06-05T15:01:15.949624+00:00,
2026-06-05,gcore,a100sxm,8,on_demand,,1.4783,11.8264,80,Ampere,8,EUR,1.164,Gcore,A100 SXM,https://gcore.com/pricing,2026-06-05T15:01:15.749316+00:00,
2026-06-05,gcore,h100,1,on_demand,,1.7809,1.7809,80,Hopper,8,EUR,1.164,Gcore,H100 SXM,https://gcore.com/pricing,2026-06-05T15:01:15.987469+00:00,
2026-06-05,gcore,h100,8,on_demand,,2.6423,21.1384,80,Hopper,8,EUR,1.164,Gcore,H100 SXM,https://gcore.com/pricing,2026-06-05T15:01:15.698757+00:00,
2026-06-05,gcore,h200,8,on_demand,,3.1777,25.4216,141,Hopper,8,EUR,1.164,Gcore,H200,https://gcore.com/pricing,2026-06-05T15:01:15.827952+00:00,
2026-06-05,gmi-cloud,b200,1,on_demand,,4,4,192,Blackwell,1,USD,1,GMI Cloud,B200,https://www.gmicloud.ai/en/pricing,2026-06-05T19:01:14.263018+00:00,
2026-06-05,gmi-cloud,gb200,1,on_demand,,8,8,384,Blackwell,1,USD,1,GMI Cloud,GB200,https://www.gmicloud.ai/en/pricing,2026-06-05T19:01:14.132684+00:00,
2026-06-05,gmi-cloud,h100,1,on_demand,,2,2,80,Hopper,1,USD,1,GMI Cloud,H100 SXM,https://www.gmicloud.ai/en/pricing,2026-06-05T19:01:14.174771+00:00,
2026-06-05,gmi-cloud,h200,1,on_demand,,2.6,2.6,141,Hopper,1,USD,1,GMI Cloud,H200,https://www.gmicloud.ai/en/pricing,2026-06-05T19:01:14.219179+00:00,
2026-06-05,hotaisle,mi300x,1,on_demand,,1.99,1.99,192,CDNA 3,8,USD,1,Hot Aisle,MI300X,https://hotaisle.xyz/pricing/,2026-06-05T23:00:50.820028+00:00,
2026-06-05,hotaisle,mi300x,2,on_demand,,1.99,3.98,192,CDNA 3,8,USD,1,Hot Aisle,MI300X,https://hotaisle.xyz/pricing/,2026-06-05T23:00:50.856279+00:00,
2026-06-05,hotaisle,mi300x,4,on_demand,,1.99,7.96,192,CDNA 3,8,USD,1,Hot Aisle,MI300X,https://hotaisle.xyz/pricing/,2026-06-05T23:00:50.883804+00:00,
2026-06-05,vast,a100sxm,1,on_demand,,0.7348,0.7348,80,Ampere,4,USD,1,Vast.ai,A100 SXM,https://cloud.vast.ai/?ref_id=236521,2026-06-05T00:00:14.170498+00:00,
2026-06-06,jarvis,a100sxm,1,on_demand,,1.49,1.49,80,Ampere,1,USD,1,Jarvis Labs,A100 SXM,https://jarvislabs.ai/pricing,2026-06-06T03:01:05.801406+00:00,
2026-06-06,jarvis,h100,1,on_demand,,2.69,2.69,80,Hopper,1,USD,1,Jarvis Labs,H100 SXM,https://jarvislabs.ai/pricing,2026-06-06T03:01:05.703002+00:00,
2026-06-06,koyeb,a100sxm,1,on_demand,,1.6,1.6,80,Ampere,8,USD,1,Koyeb,A100 SXM,https://www.koyeb.com/pricing,2026-06-06T05:01:29.764812+00:00,
2026-06-06,koyeb,a100sxm,2,on_demand,,1.6,3.2,80,Ampere,8,USD,1,Koyeb,A100 SXM,https://www.koyeb.com/pricing,2026-06-06T05:01:29.838532+00:00,
2026-06-06,koyeb,a100sxm,4,on_demand,,1.6,6.4,80,Ampere,8,USD,1,Koyeb,A100 SXM,https://www.koyeb.com/pricing,2026-06-06T05:01:29.920916+00:00,
2026-06-06,koyeb,a100sxm,8,on_demand,,1.6,12.8,80,Ampere,8,USD,1,Koyeb,A100 SXM,https://www.koyeb.com/pricing,2026-06-06T05:01:29.979676+00:00,
2026-06-06,koyeb,b200,1,on_demand,,5.5,5.5,192,Blackwell,1,USD,1,Koyeb,B200,https://www.koyeb.com/pricing,2026-06-06T05:01:29.881640+00:00,
2026-06-06,koyeb,h100,1,on_demand,,2.5,2.5,80,Hopper,8,USD,1,Koyeb,H100 SXM,https://www.koyeb.com/pricing,2026-06-06T05:01:29.788845+00:00,
2026-06-06,koyeb,h100,2,on_demand,,2.5,5,80,Hopper,8,USD,1,Koyeb,H100 SXM,https://www.koyeb.com/pricing,2026-06-06T05:01:29.861383+00:00,
2026-06-06,koyeb,h100,4,on_demand,,2.5,10,80,Hopper,8,USD,1,Koyeb,H100 SXM,https://www.koyeb.com/pricing,2026-06-06T05:01:29.940582+00:00,
2026-06-06,koyeb,h100,8,on_demand,,2.5,20,80,Hopper,8,USD,1,Koyeb,H100 SXM,https://www.koyeb.com/pricing,2026-06-06T05:01:30.015656+00:00,
2026-06-06,koyeb,h200,1,on_demand,,3,3,141,Hopper,8,USD,1,Koyeb,H200,https://www.koyeb.com/pricing,2026-06-06T05:01:29.811455+00:00,
2026-06-06,koyeb,h200,2,on_demand,,3,6,141,Hopper,8,USD,1,Koyeb,H200,https://www.koyeb.com/pricing,2026-06-06T05:01:29.901911+00:00,
2026-06-06,koyeb,h200,4,on_demand,,3,12,141,Hopper,8,USD,1,Koyeb,H200,https://www.koyeb.com/pricing,2026-06-06T05:01:29.959476+00:00,
2026-06-06,koyeb,h200,8,on_demand,,3,24,141,Hopper,8,USD,1,Koyeb,H200,https://www.koyeb.com/pricing,2026-06-06T05:01:30.039211+00:00,
2026-06-06,nebius,b200,1,on_demand,,3.95,3.95,192,Blackwell,1,USD,1,Nebius,B200,https://nebius.com/prices,2026-06-06T09:01:04.387480+00:00,
2026-06-06,oblivus,a100sxm,1,on_demand,,1.47,1.47,80,Ampere,1,USD,1,Oblivus,A100 SXM,https://www.oblivus.com/pricing/,2026-06-06T11:01:31.437372+00:00,
2026-06-06,oblivus,h100,1,on_demand,,2.178,2.178,80,Hopper,1,USD,1,Oblivus,H100 SXM,https://www.oblivus.com/pricing/,2026-06-06T11:01:31.401464+00:00,
2026-06-06,oblivus,h200,1,on_demand,,3.99,3.99,141,Hopper,1,USD,1,Oblivus,H200,https://www.oblivus.com/pricing/,2026-06-06T11:01:31.365042+00:00,
2026-06-06,packet-ai,a100sxm,1,on_demand,,1.43,1.43,80,Ampere,1,USD,1,Packet AI,A100 SXM,https://packet.ai/#pricing,2026-06-06T13:00:55.200273+00:00,
2026-06-07,civo,a100sxm,1,reserved,6,0.99,0.99,80,Ampere,8,USD,1,Civo,A100 SXM,https://www.civo.com/pricing,2026-06-07T07:03:55.165488+00:00,
2026-06-07,civo,a100sxm,1,reserved,12,0.89,0.89,80,Ampere,8,USD,1,Civo,A100 SXM,https://www.civo.com/pricing,2026-06-07T07:03:55.186339+00:00,
2026-06-07,civo,a100sxm,1,reserved,24,0.79,0.79,80,Ampere,8,USD,1,Civo,A100 SXM,https://www.civo.com/pricing,2026-06-07T07:03:55.207712+00:00,
2026-06-07,civo,a100sxm,1,reserved,36,0.69,0.69,80,Ampere,8,USD,1,Civo,A100 SXM,https://www.civo.com/pricing,2026-06-07T07:03:55.229802+00:00,
2026-06-07,civo,a100sxm,4,reserved,6,0.99,3.96,80,Ampere,8,USD,1,Civo,A100 SXM,https://www.civo.com/pricing,2026-06-07T07:03:55.373248+00:00,
2026-06-07,civo,a100sxm,4,reserved,12,0.89,3.56,80,Ampere,8,USD,1,Civo,A100 SXM,https://www.civo.com/pricing,2026-06-07T07:03:55.392909+00:00,
2026-06-07,civo,a100sxm,4,reserved,24,0.79,3.16,80,Ampere,8,USD,1,Civo,A100 SXM,https://www.civo.com/pricing,2026-06-07T07:03:55.412062+00:00,
2026-06-07,civo,a100sxm,4,reserved,36,0.69,2.76,80,Ampere,8,USD,1,Civo,A100 SXM,https://www.civo.com/pricing,2026-06-07T07:03:55.429958+00:00,
2026-06-07,civo,a100sxm,8,reserved,6,0.99,7.92,80,Ampere,8,USD,1,Civo,A100 SXM,https://www.civo.com/pricing,2026-06-07T07:03:55.466913+00:00,
2026-06-07,civo,a100sxm,8,reserved,12,0.89,7.12,80,Ampere,8,USD,1,Civo,A100 SXM,https://www.civo.com/pricing,2026-06-07T07:03:55.484636+00:00,
2026-06-07,civo,a100sxm,8,reserved,24,0.79,6.32,80,Ampere,8,USD,1,Civo,A100 SXM,https://www.civo.com/pricing,2026-06-07T07:03:55.502261+00:00,
2026-06-07,civo,a100sxm,8,reserved,36,0.69,5.52,80,Ampere,8,USD,1,Civo,A100 SXM,https://www.civo.com/pricing,2026-06-07T07:03:55.522830+00:00,
2026-06-07,fal-ai,h100,1,on_demand,,1.89,1.89,80,Hopper,1,USD,1,fal.ai,H100 SXM,https://fal.ai/pricing,2026-06-07T17:00:50.141524+00:00,
2026-06-07,fal-ai,h200,1,on_demand,,2.1,2.1,141,Hopper,1,USD,1,fal.ai,H200,https://fal.ai/pricing,2026-06-07T17:00:50.181274+00:00,
2026-06-08,civo,b200,8,reserved,6,4.49,35.92,192,Blackwell,8,USD,1,Civo,B200,https://www.civo.com/pricing,2026-06-08T09:03:29.378408+00:00,
2026-06-08,coreweave,a100sxm,8,on_demand,,2.7,21.6,80,Ampere,8,USD,1,CoreWeave,A100 SXM,https://coreweave.com/gpu-cloud-pricing,2026-06-08T11:01:17.723386+00:00,
2026-06-08,coreweave,b200,8,on_demand,,8.6,68.8,192,Blackwell,8,USD,1,CoreWeave,B200,https://coreweave.com/gpu-cloud-pricing,2026-06-08T11:01:17.114242+00:00,
2026-06-08,coreweave,gb200,4,on_demand,,10.5,42,384,Blackwell,41,USD,1,CoreWeave,GB200,https://coreweave.com/gpu-cloud-pricing,2026-06-08T11:01:16.961200+00:00,
2026-06-08,coreweave,gb200,4,spot,,10.5,42,384,Blackwell,41,USD,1,CoreWeave,GB200,https://coreweave.com/gpu-cloud-pricing,2026-06-08T11:01:17.023183+00:00,
2026-06-08,coreweave,h100,8,on_demand,,6.155,49.24,80,Hopper,8,USD,1,CoreWeave,H100 SXM,https://coreweave.com/gpu-cloud-pricing,2026-06-08T11:01:17.303630+00:00,
2026-06-08,coreweave,h100,8,spot,,2.4638,19.7104,80,Hopper,8,USD,1,CoreWeave,H100 SXM,https://coreweave.com/gpu-cloud-pricing,2026-06-08T11:01:17.353537+00:00,
2026-06-08,coreweave,h200,8,on_demand,,6.305,50.44,141,Hopper,8,USD,1,CoreWeave,H200,https://coreweave.com/gpu-cloud-pricing,2026-06-08T11:01:17.399810+00:00,
2026-06-08,runpod,h200,4,on_demand,,3.59,14.36,141,Hopper,4,USD,1,RunPod,H200,https://runpod.io/?ref=fdhbgkyk,2026-06-08T00:01:02.522531+00:00,
2026-06-09,crusoe,h100,1,on_demand,,3.9,3.9,80,Hopper,1,USD,1,Crusoe,H100 SXM,https://www.crusoe.ai/cloud/pricing,2026-06-09T15:01:08.715559+00:00,
2026-06-09,crusoe,h200,1,on_demand,,4.29,4.29,141,Hopper,1,USD,1,Crusoe,H200,https://www.crusoe.ai/cloud/pricing,2026-06-09T15:01:08.649177+00:00,
2026-06-09,crusoe,mi300x,1,on_demand,,3.45,3.45,192,CDNA 3,1,USD,1,Crusoe,MI300X,https://www.crusoe.ai/cloud/pricing,2026-06-09T15:01:08.824589+00:00,
2026-06-09,deep-infra,a100sxm,1,on_demand,,0.89,0.89,80,Ampere,1,USD,1,Deep Infra,A100 SXM,https://deepinfra.com/pricing,2026-06-09T17:01:34.295842+00:00,
2026-06-09,deep-infra,h100,1,on_demand,,1.79,1.79,80,Hopper,1,USD,1,Deep Infra,H100 SXM,https://deepinfra.com/pricing,2026-06-09T17:01:34.360866+00:00,
2026-06-09,deep-infra,h200,1,on_demand,,2.19,2.19,141,Hopper,1,USD,1,Deep Infra,H200,https://deepinfra.com/pricing,2026-06-09T17:01:34.412875+00:00,
2026-06-09,denvr-dataworks,a100sxm,1,on_demand,,0.58,0.58,80,Ampere,8,USD,1,Denvr Dataworks,A100 SXM,https://www.denvr.com/pricing,2026-06-09T19:02:17.967573+00:00,
2026-06-09,denvr-dataworks,a100sxm,8,on_demand,,1.15,9.2,80,Ampere,8,USD,1,Denvr Dataworks,A100 SXM,https://www.denvr.com/pricing,2026-06-09T19:02:17.905387+00:00,
2026-06-09,denvr-dataworks,h100,8,on_demand,,2.3,18.4,80,Hopper,8,USD,1,Denvr Dataworks,H100 SXM,https://www.denvr.com/pricing,2026-06-09T19:02:17.866717+00:00,
2026-06-09,fal-ai,b200,1,on_demand,,6.25,6.25,192,Blackwell,1,USD,1,fal.ai,B200,https://fal.ai/pricing,2026-06-09T21:01:03.585661+00:00,
2026-06-09,fal-ai,b200,1,spot,,3.49,3.49,192,Blackwell,1,USD,1,fal.ai,B200,https://fal.ai/pricing,2026-06-09T21:01:03.639983+00:00,
2026-06-09,fal-ai,h100,1,spot,,1.89,1.89,80,Hopper,1,USD,1,fal.ai,H100 SXM,https://fal.ai/pricing,2026-06-09T21:01:03.837890+00:00,
2026-06-09,fal-ai,h200,1,spot,,2.1,2.1,141,Hopper,1,USD,1,fal.ai,H200,https://fal.ai/pricing,2026-06-09T21:01:03.738374+00:00,
2026-06-10,atlas-cloud,h100,1,on_demand,,2.95,2.95,80,Hopper,1,USD,1,Atlas Cloud,H100 SXM,https://www.atlascloud.ai/pricing/gpu,2026-06-10T05:01:23.418689+00:00,
2026-06-10,atlas-cloud,h200,1,on_demand,,3.5,3.5,141,Hopper,1,USD,1,Atlas Cloud,H200,https://www.atlascloud.ai/pricing/gpu,2026-06-10T05:01:23.371243+00:00,
2026-06-10,aws,a100sxm,8,on_demand,,2.7447,21.9576,80,Ampere,8,USD,1,Amazon AWS,A100 SXM,https://aws.amazon.com/ec2/pricing/on-demand/,2026-06-10T00:01:14.482860+00:00,
2026-06-10,aws,h100,8,on_demand,,6.88,55.04,80,Hopper,8,USD,1,Amazon AWS,H100 SXM,https://aws.amazon.com/ec2/pricing/on-demand/,2026-06-10T00:01:14.439237+00:00,
2026-06-10,aws,h200,8,on_demand,,7.912,63.296,141,Hopper,8,USD,1,Amazon AWS,H200,https://aws.amazon.com/ec2/pricing/on-demand/,2026-06-10T00:01:14.461550+00:00,
2026-06-10,beam,a100sxm,1,on_demand,,1.3,1.3,80,Ampere,1,USD,1,Beam,A100 SXM,https://www.beam.cloud/pricing,2026-06-10T09:01:28.720340+00:00,
2026-06-10,beyond-pl,b200,8,on_demand,,5.1,40.8,192,Blackwell,8,USD,1,Beyond.pl,B200,https://www.beyond.pl/en/services/gpu-as-a-service-gpuaas/,2026-06-10T11:01:00.931173+00:00,
2026-06-10,civo,a100sxm,1,on_demand,,1.79,1.79,80,Ampere,8,USD,1,Civo,A100 SXM,https://www.civo.com/pricing,2026-06-10T13:04:09.841219+00:00,
2026-06-10,civo,a100sxm,2,on_demand,,1.79,3.58,80,Ampere,8,USD,1,Civo,A100 SXM,https://www.civo.com/pricing,2026-06-10T13:04:10.023802+00:00,
2026-06-10,civo,a100sxm,2,reserved,6,1.69,3.38,80,Ampere,8,USD,1,Civo,A100 SXM,https://www.civo.com/pricing,2026-06-10T13:04:10.060717+00:00,
2026-06-10,civo,a100sxm,2,reserved,12,1.59,3.18,80,Ampere,8,USD,1,Civo,A100 SXM,https://www.civo.com/pricing,2026-06-10T13:04:10.170699+00:00,
2026-06-10,civo,a100sxm,2,reserved,24,1.49,2.98,80,Ampere,8,USD,1,Civo,A100 SXM,https://www.civo.com/pricing,2026-06-10T13:04:10.214689+00:00,
2026-06-10,civo,a100sxm,2,reserved,36,1.39,2.78,80,Ampere,8,USD,1,Civo,A100 SXM,https://www.civo.com/pricing,2026-06-10T13:04:10.257014+00:00,
2026-06-10,civo,a100sxm,4,on_demand,,1.79,7.16,80,Ampere,8,USD,1,Civo,A100 SXM,https://www.civo.com/pricing,2026-06-10T13:04:10.299565+00:00,
2026-06-10,civo,a100sxm,8,on_demand,,1.79,14.32,80,Ampere,8,USD,1,Civo,A100 SXM,https://www.civo.com/pricing,2026-06-10T13:04:10.444466+00:00,
2026-06-10,civo,b200,8,reserved,12,4.49,35.92,192,Blackwell,8,USD,1,Civo,B200,https://www.civo.com/pricing,2026-06-10T13:04:11.892986+00:00,
2026-06-10,civo,b200,8,reserved,24,3.99,31.92,192,Blackwell,8,USD,1,Civo,B200,https://www.civo.com/pricing,2026-06-10T13:04:11.925174+00:00,
2026-06-10,civo,b200,8,reserved,36,3.79,30.32,192,Blackwell,8,USD,1,Civo,B200,https://www.civo.com/pricing,2026-06-10T13:04:11.959095+00:00,
2026-06-10,civo,h100,1,on_demand,,2.99,2.99,80,Hopper,8,USD,1,Civo,H100 SXM,https://www.civo.com/pricing,2026-06-10T13:04:10.582674+00:00,
2026-06-10,civo,h100,1,reserved,6,2.79,2.79,80,Hopper,8,USD,1,Civo,H100 SXM,https://www.civo.com/pricing,2026-06-10T13:04:10.609389+00:00,
2026-06-10,civo,h100,1,reserved,12,2.69,2.69,80,Hopper,8,USD,1,Civo,H100 SXM,https://www.civo.com/pricing,2026-06-10T13:04:10.639162+00:00,
2026-06-10,civo,h100,1,reserved,24,2.59,2.59,80,Hopper,8,USD,1,Civo,H100 SXM,https://www.civo.com/pricing,2026-06-10T13:04:10.668861+00:00,
2026-06-10,civo,h100,1,reserved,36,2.49,2.49,80,Hopper,8,USD,1,Civo,H100 SXM,https://www.civo.com/pricing,2026-06-10T13:04:10.699044+00:00,
2026-06-10,civo,h100,8,on_demand,,2.99,23.92,80,Hopper,8,USD,1,Civo,H100 SXM,https://www.civo.com/pricing,2026-06-10T13:04:10.737911+00:00,
2026-06-10,civo,h100,8,reserved,6,2.79,22.32,80,Hopper,8,USD,1,Civo,H100 SXM,https://www.civo.com/pricing,2026-06-10T13:04:10.777649+00:00,
2026-06-10,civo,h100,8,reserved,12,2.69,21.52,80,Hopper,8,USD,1,Civo,H100 SXM,https://www.civo.com/pricing,2026-06-10T13:04:10.807008+00:00,
2026-06-10,civo,h100,8,reserved,24,2.59,20.72,80,Hopper,8,USD,1,Civo,H100 SXM,https://www.civo.com/pricing,2026-06-10T13:04:10.840061+00:00,
2026-06-10,civo,h100,8,reserved,36,2.49,19.92,80,Hopper,8,USD,1,Civo,H100 SXM,https://www.civo.com/pricing,2026-06-10T13:04:10.870391+00:00,
2026-06-10,civo,h200,1,on_demand,,3.49,3.49,141,Hopper,8,USD,1,Civo,H200,https://www.civo.com/pricing,2026-06-10T13:04:11.565945+00:00,
2026-06-10,civo,h200,1,reserved,6,3.29,3.29,141,Hopper,8,USD,1,Civo,H200,https://www.civo.com/pricing,2026-06-10T13:04:11.594284+00:00,
2026-06-10,civo,h200,1,reserved,12,3.19,3.19,141,Hopper,8,USD,1,Civo,H200,https://www.civo.com/pricing,2026-06-10T13:04:11.619499+00:00,
2026-06-10,civo,h200,1,reserved,24,3.09,3.09,141,Hopper,8,USD,1,Civo,H200,https://www.civo.com/pricing,2026-06-10T13:04:11.656271+00:00,
2026-06-10,civo,h200,1,reserved,36,2.99,2.99,141,Hopper,8,USD,1,Civo,H200,https://www.civo.com/pricing,2026-06-10T13:04:11.683486+00:00,
2026-06-10,civo,h200,8,on_demand,,3.49,27.92,141,Hopper,8,USD,1,Civo,H200,https://www.civo.com/pricing,2026-06-10T13:04:11.710056+00:00,
2026-06-10,civo,h200,8,reserved,6,3.29,26.32,141,Hopper,8,USD,1,Civo,H200,https://www.civo.com/pricing,2026-06-10T13:04:11.746974+00:00,
2026-06-10,civo,h200,8,reserved,12,3.19,25.52,141,Hopper,8,USD,1,Civo,H200,https://www.civo.com/pricing,2026-06-10T13:04:11.776153+00:00,
2026-06-10,civo,h200,8,reserved,24,3.09,24.72,141,Hopper,8,USD,1,Civo,H200,https://www.civo.com/pricing,2026-06-10T13:04:11.813882+00:00,
2026-06-10,civo,h200,8,reserved,36,2.99,23.92,141,Hopper,8,USD,1,Civo,H200,https://www.civo.com/pricing,2026-06-10T13:04:11.851422+00:00,
2026-06-10,crusoe,a100sxm,1,on_demand,,1.45,1.45,80,Ampere,8,USD,1,Crusoe,A100 SXM,https://shadeform.com/directory/instances?cloud=crusoe&gputype=A100&numgpus=1&referral=6B321750,2026-06-10T00:00:46.844621+00:00,
2026-06-10,crusoe,a100sxm,2,on_demand,,1.45,2.9,80,Ampere,8,USD,1,Crusoe,A100 SXM,https://shadeform.com/directory/instances?cloud=crusoe&gputype=A100&numgpus=2&referral=6B321750,2026-06-10T00:00:47.161030+00:00,
2026-06-10,crusoe,a100sxm,4,on_demand,,1.45,5.8,80,Ampere,8,USD,1,Crusoe,A100 SXM,https://shadeform.com/directory/instances?cloud=crusoe&gputype=A100&numgpus=4&referral=6B321750,2026-06-10T00:00:47.134250+00:00,
2026-06-10,crusoe,a100sxm,8,on_demand,,1.65,13.2,80,Ampere,8,USD,1,Crusoe,A100 SXM,https://shadeform.com/directory/instances?cloud=crusoe&gputype=A100_80G&numgpus=8&referral=6B321750,2026-06-10T00:00:47.111105+00:00,
2026-06-10,crusoe,h100,1,on_demand,,3.9,3.9,80,Hopper,1,USD,1,Crusoe,H100 SXM,https://www.crusoe.ai/cloud/pricing,2026-06-10T17:01:10.586910+00:00,
2026-06-10,crusoe,h200,1,on_demand,,4.29,4.29,141,Hopper,1,USD,1,Crusoe,H200,https://www.crusoe.ai/cloud/pricing,2026-06-10T17:01:10.555461+00:00,
2026-06-10,crusoe,mi300x,1,on_demand,,3.45,3.45,192,CDNA 3,1,USD,1,Crusoe,MI300X,https://www.crusoe.ai/cloud/pricing,2026-06-10T17:01:10.681397+00:00,
2026-06-10,deep-infra,a100sxm,1,on_demand,,0.89,0.89,80,Ampere,1,USD,1,Deep Infra,A100 SXM,https://deepinfra.com/pricing,2026-06-10T19:01:36.396645+00:00,
2026-06-10,deep-infra,b200,1,on_demand,,2.79,2.79,192,Blackwell,1,USD,1,Deep Infra,B200,https://deepinfra.com/gpu-instances,2026-06-10T00:00:50.049947+00:00,
2026-06-10,deep-infra,h100,1,on_demand,,1.79,1.79,80,Hopper,1,USD,1,Deep Infra,H100 SXM,https://deepinfra.com/pricing,2026-06-10T19:01:36.439667+00:00,
2026-06-10,deep-infra,h200,1,on_demand,,2.19,2.19,141,Hopper,1,USD,1,Deep Infra,H200,https://deepinfra.com/pricing,2026-06-10T19:01:36.478399+00:00,
2026-06-10,denvr-dataworks,a100sxm,1,on_demand,,0.58,0.58,80,Ampere,8,USD,1,Denvr Dataworks,A100 SXM,https://www.denvr.com/pricing,2026-06-10T21:01:11.846980+00:00,
2026-06-10,denvr-dataworks,a100sxm,8,on_demand,,1.15,9.2,80,Ampere,8,USD,1,Denvr Dataworks,A100 SXM,https://www.denvr.com/pricing,2026-06-10T21:01:11.708216+00:00,
2026-06-10,denvr-dataworks,h100,8,on_demand,,2.3,18.4,80,Hopper,8,USD,1,Denvr Dataworks,H100 SXM,https://www.denvr.com/pricing,2026-06-10T21:01:11.670076+00:00,
2026-06-10,digitalocean,h100,1,on_demand,,3.39,3.39,80,Hopper,8,USD,1,DigitalOcean,H100 SXM,https://www.digitalocean.com/pricing/gpu-droplets?refcode=6dc17d11e796,2026-06-10T00:00:10.888774+00:00,
2026-06-10,digitalocean,h100,8,on_demand,,2.99,23.92,80,Hopper,8,USD,1,DigitalOcean,H100 SXM,https://www.digitalocean.com/pricing/gpu-droplets?refcode=6dc17d11e796,2026-06-10T00:00:10.987252+00:00,
2026-06-10,digitalocean,h200,1,on_demand,,3.44,3.44,141,Hopper,8,USD,1,DigitalOcean,H200,https://www.digitalocean.com/pricing/gpu-droplets?refcode=6dc17d11e796,2026-06-10T00:00:10.914707+00:00,
2026-06-10,digitalocean,h200,8,on_demand,,3.44,27.52,141,Hopper,8,USD,1,DigitalOcean,H200,https://www.digitalocean.com/pricing/gpu-droplets?refcode=6dc17d11e796,2026-06-10T00:00:11.013993+00:00,
2026-06-10,digitalocean,mi300x,1,on_demand,,1.99,1.99,192,CDNA 3,8,USD,1,DigitalOcean,MI300X,https://www.digitalocean.com/pricing/gpu-droplets?refcode=6dc17d11e796,2026-06-10T00:00:10.855882+00:00,
2026-06-10,digitalocean,mi300x,8,on_demand,,1.99,15.92,192,CDNA 3,8,USD,1,DigitalOcean,MI300X,https://www.digitalocean.com/pricing/gpu-droplets?refcode=6dc17d11e796,2026-06-10T00:00:10.947879+00:00,
2026-06-10,fal-ai,b200,1,on_demand,,3.49,3.49,192,Blackwell,1,USD,1,fal.ai,B200,https://fal.ai/pricing,2026-06-10T23:02:10.216284+00:00,
2026-06-10,fal-ai,h100,1,on_demand,,1.89,1.89,80,Hopper,1,USD,1,fal.ai,H100 SXM,https://fal.ai/pricing,2026-06-10T23:02:10.139607+00:00,
2026-06-10,fal-ai,h200,1,on_demand,,2.1,2.1,141,Hopper,1,USD,1,fal.ai,H200,https://fal.ai/pricing,2026-06-10T23:02:10.256667+00:00,
2026-06-10,hyperbolic,b200,1,on_demand,,3.5,3.5,192,Blackwell,1,USD,1,Hyperbolic,B200,https://www.hyperbolic.ai/marketplace,2026-06-10T00:01:03.501883+00:00,
2026-06-10,hyperbolic,h100,1,on_demand,,1.5,1.5,80,Hopper,1,USD,1,Hyperbolic,H100 SXM,https://www.hyperbolic.ai/marketplace,2026-06-10T00:01:03.451871+00:00,
2026-06-10,hyperbolic,h200,1,on_demand,,2.4,2.4,141,Hopper,1,USD,1,Hyperbolic,H200,https://www.hyperbolic.ai/marketplace,2026-06-10T00:01:03.477953+00:00,
2026-06-10,hyperstack,a100sxm,1,on_demand,,1.35,1.35,80,Ampere,8,USD,1,Hyperstack,A100 SXM,https://shadeform.com/directory/instances?cloud=hyperstack&gputype=A100_80G&numgpus=1&referral=6B321750,2026-06-10T00:00:48.488945+00:00,
2026-06-10,hyperstack,a100sxm,2,on_demand,,1.35,2.7,80,Ampere,8,USD,1,Hyperstack,A100 SXM,https://shadeform.com/directory/instances?cloud=hyperstack&gputype=A100_80G&numgpus=2&referral=6B321750,2026-06-10T00:00:48.208352+00:00,
2026-06-10,hyperstack,a100sxm,4,on_demand,,1.35,5.4,80,Ampere,8,USD,1,Hyperstack,A100 SXM,https://shadeform.com/directory/instances?cloud=hyperstack&gputype=A100_80G&numgpus=4&referral=6B321750,2026-06-10T00:00:48.306490+00:00,
2026-06-10,hyperstack,a100sxm,8,on_demand,,1.35,10.8,80,Ampere,8,USD,1,Hyperstack,A100 SXM,https://shadeform.com/directory/instances?cloud=hyperstack&gputype=A100_80G&numgpus=8&referral=6B321750,2026-06-10T00:00:48.334958+00:00,
2026-06-10,hyperstack,h100,1,on_demand,,1.9,1.9,80,Hopper,8,USD,1,Hyperstack,H100 SXM,https://shadeform.com/directory/instances?cloud=hyperstack&gputype=H100&numgpus=1&referral=6B321750,2026-06-10T00:00:48.363431+00:00,
2026-06-10,hyperstack,h100,2,on_demand,,1.9,3.8,80,Hopper,8,USD,1,Hyperstack,H100 SXM,https://shadeform.com/directory/instances?cloud=hyperstack&gputype=H100&numgpus=2&referral=6B321750,2026-06-10T00:00:48.587235+00:00,
2026-06-10,hyperstack,h100,4,on_demand,,1.9,7.6,80,Hopper,8,USD,1,Hyperstack,H100 SXM,https://shadeform.com/directory/instances?cloud=hyperstack&gputype=H100&numgpus=4&referral=6B321750,2026-06-10T00:00:48.264861+00:00,
2026-06-10,hyperstack,h100,8,on_demand,,1.9,15.2,80,Hopper,8,USD,1,Hyperstack,H100 SXM,https://shadeform.com/directory/instances?cloud=hyperstack&gputype=H100&numgpus=8&referral=6B321750,2026-06-10T00:00:48.184471+00:00,
2026-06-10,lambda,a100sxm,1,on_demand,,1.99,1.99,80,Ampere,8,USD,1,Lambda Labs,A100 SXM,https://shadeform.com/directory/instances?cloud=lambdalabs&gputype=A100&numgpus=1&referral=6B321750,2026-06-10T00:00:46.287139+00:00,
2026-06-10,lambda,a100sxm,2,on_demand,,1.99,3.98,80,Ampere,8,USD,1,Lambda Labs,A100 SXM,https://shadeform.com/directory/instances?cloud=lambdalabs&gputype=A100&numgpus=2&referral=6B321750,2026-06-10T00:00:46.468115+00:00,
2026-06-10,lambda,a100sxm,4,on_demand,,1.99,7.96,80,Ampere,8,USD,1,Lambda Labs,A100 SXM,https://shadeform.com/directory/instances?cloud=lambdalabs&gputype=A100&numgpus=4&referral=6B321750,2026-06-10T00:00:46.317187+00:00,
2026-06-10,lambda,a100sxm,8,on_demand,,2.79,22.32,80,Ampere,8,USD,1,Lambda Labs,A100 SXM,https://shadeform.com/directory/instances?cloud=lambdalabs&gputype=A100_80G&numgpus=8&referral=6B321750,2026-06-10T00:00:46.493249+00:00,
2026-06-10,lambda,b200,1,on_demand,,6.99,6.99,192,Blackwell,8,USD,1,Lambda Labs,B200,https://shadeform.com/directory/instances?cloud=lambdalabs&gputype=B200&numgpus=1&referral=6B321750,2026-06-10T00:00:46.643250+00:00,
2026-06-10,lambda,b200,2,on_demand,,6.89,13.78,192,Blackwell,8,USD,1,Lambda Labs,B200,https://shadeform.com/directory/instances?cloud=lambdalabs&gputype=B200&numgpus=2&referral=6B321750,2026-06-10T00:00:46.619172+00:00,
2026-06-10,lambda,b200,4,on_demand,,6.79,27.16,192,Blackwell,8,USD,1,Lambda Labs,B200,https://shadeform.com/directory/instances?cloud=lambdalabs&gputype=B200&numgpus=4&referral=6B321750,2026-06-10T00:00:46.591640+00:00,
2026-06-10,lambda,b200,8,on_demand,,6.69,53.52,192,Blackwell,8,USD,1,Lambda Labs,B200,https://shadeform.com/directory/instances?cloud=lambdalabs&gputype=B200&numgpus=8&referral=6B321750,2026-06-10T00:00:46.566340+00:00,
2026-06-10,lambda,h100,1,on_demand,,4.29,4.29,80,Hopper,8,USD,1,Lambda Labs,H100 SXM,https://shadeform.com/directory/instances?cloud=lambdalabs&gputype=H100&numgpus=1&referral=6B321750,2026-06-10T00:00:46.444740+00:00,
2026-06-10,lambda,h100,2,on_demand,,4.19,8.38,80,Hopper,8,USD,1,Lambda Labs,H100 SXM,https://shadeform.com/directory/instances?cloud=lambdalabs&gputype=H100&numgpus=2&referral=6B321750,2026-06-10T00:00:46.234706+00:00,
2026-06-10,lambda,h100,4,on_demand,,4.09,16.36,80,Hopper,8,USD,1,Lambda Labs,H100 SXM,https://shadeform.com/directory/instances?cloud=lambdalabs&gputype=H100&numgpus=4&referral=6B321750,2026-06-10T00:00:46.260341+00:00,
2026-06-10,lambda,h100,8,on_demand,,3.99,31.92,80,Hopper,8,USD,1,Lambda Labs,H100 SXM,https://shadeform.com/directory/instances?cloud=lambdalabs&gputype=H100&numgpus=8&referral=6B321750,2026-06-10T00:00:46.516976+00:00,
2026-06-10,latitude,h100,1,on_demand,,1.66,1.66,80,Hopper,8,USD,1,Latitude.sh,H100 SXM,https://shadeform.com/directory/instances?cloud=latitude&gputype=H100&numgpus=1&referral=6B321750,2026-06-10T00:00:49.192478+00:00,
2026-06-10,latitude,h100,4,on_demand,,2.2425,8.97,80,Hopper,8,USD,1,Latitude.sh,H100 SXM,https://shadeform.com/directory/instances?cloud=latitude&gputype=H100&numgpus=4&referral=6B321750,2026-06-10T00:00:49.119455+00:00,
2026-06-10,latitude,h100,8,on_demand,,1.7925,14.34,80,Hopper,8,USD,1,Latitude.sh,H100 SXM,https://shadeform.com/directory/instances?cloud=latitude&gputype=H100&numgpus=8&referral=6B321750,2026-06-10T00:00:49.094178+00:00,
2026-06-10,massedcompute,a100sxm,1,on_demand,,1.35,1.35,80,Ampere,8,USD,1,Massed Compute,A100 SXM,https://shadeform.com/directory/instances?cloud=massedcompute&gputype=A100_80G&numgpus=1&referral=6B321750,2026-06-10T00:00:45.654305+00:00,
2026-06-10,massedcompute,a100sxm,2,on_demand,,1.35,2.7,80,Ampere,8,USD,1,Massed Compute,A100 SXM,https://shadeform.com/directory/instances?cloud=massedcompute&gputype=A100_80G&numgpus=2&referral=6B321750,2026-06-10T00:00:45.626591+00:00,
2026-06-10,massedcompute,a100sxm,4,on_demand,,1.35,5.4,80,Ampere,8,USD,1,Massed Compute,A100 SXM,https://shadeform.com/directory/instances?cloud=massedcompute&gputype=A100_80G&numgpus=4&referral=6B321750,2026-06-10T00:00:45.681017+00:00,
2026-06-10,massedcompute,a100sxm,8,on_demand,,1.35,10.8,80,Ampere,8,USD,1,Massed Compute,A100 SXM,https://shadeform.com/directory/instances?cloud=massedcompute&gputype=A100_80G&numgpus=8&referral=6B321750,2026-06-10T00:00:45.529153+00:00,
2026-06-10,massedcompute,a100sxm,8,spot,,1.2425,9.94,80,Ampere,8,USD,1,Massed Compute,A100 SXM,https://vm.massedcompute.com/api/v1/gpu-inventory,2026-06-10T00:00:23.395625+00:00,
2026-06-10,massedcompute,h100,1,on_demand,,2.73,2.73,80,Hopper,8,USD,1,Massed Compute,H100 SXM,https://shadeform.com/directory/instances?cloud=massedcompute&gputype=H100&numgpus=1&referral=6B321750,2026-06-10T00:00:45.826194+00:00,
2026-06-10,massedcompute,h100,1,spot,,2.45,2.45,80,Hopper,8,USD,1,Massed Compute,H100 SXM,https://vm.massedcompute.com/api/v1/gpu-inventory,2026-06-10T00:00:22.740440+00:00,
2026-06-10,massedcompute,h100,2,on_demand,,2.73,5.46,80,Hopper,8,USD,1,Massed Compute,H100 SXM,https://shadeform.com/directory/instances?cloud=massedcompute&gputype=H100&numgpus=2&referral=6B321750,2026-06-10T00:00:45.802901+00:00,
2026-06-10,massedcompute,h100,2,spot,,2.45,4.9,80,Hopper,8,USD,1,Massed Compute,H100 SXM,https://vm.massedcompute.com/api/v1/gpu-inventory,2026-06-10T00:00:22.771089+00:00,
2026-06-10,massedcompute,h100,4,on_demand,,2.7275,10.91,80,Hopper,8,USD,1,Massed Compute,H100 SXM,https://shadeform.com/directory/instances?cloud=massedcompute&gputype=H100&numgpus=4&referral=6B321750,2026-06-10T00:00:44.889465+00:00,
2026-06-10,massedcompute,h100,4,spot,,2.45,9.8,80,Hopper,8,USD,1,Massed Compute,H100 SXM,https://vm.massedcompute.com/api/v1/gpu-inventory,2026-06-10T00:00:22.797222+00:00,
2026-06-10,massedcompute,h100,8,on_demand,,3.14,25.12,80,Hopper,8,USD,1,Massed Compute,H100 SXM,https://shadeform.com/directory/instances?cloud=massedcompute&gputype=H100&numgpus=8&referral=6B321750,2026-06-10T00:00:44.781342+00:00,
2026-06-10,massedcompute,h100,8,spot,,2.45,19.6,80,Hopper,8,USD,1,Massed Compute,H100 SXM,https://vm.massedcompute.com/api/v1/gpu-inventory,2026-06-10T00:00:22.828560+00:00,
2026-06-10,massedcompute,h100nvl,1,on_demand,,3.11,3.11,94,Hopper,8,USD,1,Massed Compute,H100 NVL,https://vm.massedcompute.com/api/v1/gpu-inventory,2026-06-10T00:00:23.883434+00:00,
2026-06-10,massedcompute,h100nvl,2,on_demand,,3.16,6.32,94,Hopper,8,USD,1,Massed Compute,H100 NVL,https://shadeform.com/directory/instances?cloud=massedcompute&gputype=H100_NVL&numgpus=2&referral=6B321750,2026-06-10T00:00:44.812477+00:00,
2026-06-10,massedcompute,h100nvl,4,on_demand,,3.16,12.64,94,Hopper,8,USD,1,Massed Compute,H100 NVL,https://shadeform.com/directory/instances?cloud=massedcompute&gputype=H100_NVL&numgpus=4&referral=6B321750,2026-06-10T00:00:45.850354+00:00,
2026-06-10,massedcompute,h100nvl,8,on_demand,,3.16,25.28,94,Hopper,8,USD,1,Massed Compute,H100 NVL,https://shadeform.com/directory/instances?cloud=massedcompute&gputype=H100_NVL&numgpus=8&referral=6B321750,2026-06-10T00:00:44.730580+00:00,
2026-06-10,massedcompute,h200,1,on_demand,,3.62,3.62,141,Hopper,8,USD,1,Massed Compute,H200,https://vm.massedcompute.com/api/v1/gpu-inventory,2026-06-10T00:00:23.718445+00:00,
2026-06-10,massedcompute,h200,2,on_demand,,3.62,7.24,141,Hopper,8,USD,1,Massed Compute,H200,https://vm.massedcompute.com/api/v1/gpu-inventory,2026-06-10T00:00:23.736904+00:00,
2026-06-10,massedcompute,h200,4,on_demand,,3.82,15.28,141,Hopper,8,USD,1,Massed Compute,H200,https://vm.massedcompute.com/api/v1/gpu-inventory,2026-06-10T00:00:23.803743+00:00,
2026-06-10,massedcompute,h200,4,spot,,3.4375,13.75,141,Hopper,8,USD,1,Massed Compute,H200,https://vm.massedcompute.com/api/v1/gpu-inventory,2026-06-10T00:00:23.844003+00:00,
2026-06-10,massedcompute,h200,8,on_demand,,3.82,30.56,141,Hopper,8,USD,1,Massed Compute,H200,https://vm.massedcompute.com/api/v1/gpu-inventory,2026-06-10T00:00:23.823016+00:00,
2026-06-10,massedcompute,h200,8,spot,,3.4375,27.5,141,Hopper,8,USD,1,Massed Compute,H200,https://vm.massedcompute.com/api/v1/gpu-inventory,2026-06-10T00:00:23.863186+00:00,
2026-06-10,nebius,h100,1,on_demand,,3.98,3.98,80,Hopper,8,USD,1,Nebius,H100 SXM,https://shadeform.com/directory/instances?cloud=nebius&gputype=H100&numgpus=1&referral=6B321750,2026-06-10T00:00:49.847381+00:00,
2026-06-10,nebius,h100,8,on_demand,,3.8663,30.9304,80,Hopper,8,USD,1,Nebius,H100 SXM,https://shadeform.com/directory/instances?cloud=nebius&gputype=H100&numgpus=8&referral=6B321750,2026-06-10T00:00:49.825834+00:00,
2026-06-10,nebius,h200,1,on_demand,,4.63,4.63,141,Hopper,8,USD,1,Nebius,H200,https://shadeform.com/directory/instances?cloud=nebius&gputype=H200&numgpus=1&referral=6B321750,2026-06-10T00:00:49.805725+00:00,
2026-06-10,nebius,h200,8,on_demand,,4.5163,36.1304,141,Hopper,8,USD,1,Nebius,H200,https://shadeform.com/directory/instances?cloud=nebius&gputype=H200&numgpus=8&referral=6B321750,2026-06-10T00:00:49.872041+00:00,
2026-06-10,oracle,a100sxm,1,on_demand,,4,4,80,Ampere,1,USD,1,Oracle Cloud,A100 SXM,https://apexapps.oracle.com/pls/apex/cetools/api/v1/products/,2026-06-10T00:00:34.470291+00:00,
2026-06-10,oracle,b200,1,on_demand,,14,14,192,Blackwell,1,USD,1,Oracle Cloud,B200,https://apexapps.oracle.com/pls/apex/cetools/api/v1/products/,2026-06-10T00:00:34.330536+00:00,
2026-06-10,oracle,gb200,1,on_demand,,16,16,384,Blackwell,1,USD,1,Oracle Cloud,GB200,https://apexapps.oracle.com/pls/apex/cetools/api/v1/products/,2026-06-10T00:00:34.353452+00:00,
2026-06-10,oracle,gb300,1,on_demand,,18,18,576,Blackwell,1,USD,1,Oracle Cloud,GB300,https://apexapps.oracle.com/pls/apex/cetools/api/v1/products/,2026-06-10T00:00:34.399446+00:00,
2026-06-10,oracle,h100,1,on_demand,,10,10,80,Hopper,1,USD,1,Oracle Cloud,H100 SXM,https://apexapps.oracle.com/pls/apex/cetools/api/v1/products/,2026-06-10T00:00:34.518926+00:00,
2026-06-10,oracle,h200,1,on_demand,,10,10,141,Hopper,1,USD,1,Oracle Cloud,H200,https://apexapps.oracle.com/pls/apex/cetools/api/v1/products/,2026-06-10T00:00:34.306603+00:00,
2026-06-10,oracle,mi300x,1,on_demand,,6,6,192,CDNA 3,1,USD,1,Oracle Cloud,MI300X,https://apexapps.oracle.com/pls/apex/cetools/api/v1/products/,2026-06-10T00:00:34.285364+00:00,
2026-06-10,paperspace,a100sxm,1,on_demand,,3.28,3.28,80,Ampere,8,USD,1,Paperspace,A100 SXM,https://shadeform.com/directory/instances?cloud=paperspace&gputype=A100_80G&numgpus=1&referral=6B321750,2026-06-10T00:00:47.774038+00:00,
2026-06-10,paperspace,a100sxm,2,on_demand,,3.13,6.26,80,Ampere,8,USD,1,Paperspace,A100 SXM,https://shadeform.com/directory/instances?cloud=paperspace&gputype=A100&numgpus=2&referral=6B321750,2026-06-10T00:00:47.851211+00:00,
2026-06-10,paperspace,a100sxm,4,on_demand,,3.11,12.44,80,Ampere,8,USD,1,Paperspace,A100 SXM,https://shadeform.com/directory/instances?cloud=paperspace&gputype=A100&numgpus=4&referral=6B321750,2026-06-10T00:00:47.748849+00:00,
2026-06-10,paperspace,a100sxm,8,on_demand,,3.11,24.88,80,Ampere,8,USD,1,Paperspace,A100 SXM,https://shadeform.com/directory/instances?cloud=paperspace&gputype=A100&numgpus=8&referral=6B321750,2026-06-10T00:00:47.548182+00:00,
2026-06-10,paperspace,h100,1,on_demand,,5.99,5.99,80,Hopper,8,USD,1,Paperspace,H100 SXM,https://shadeform.com/directory/instances?cloud=paperspace&gputype=H100&numgpus=1&referral=6B321750,2026-06-10T00:00:47.420706+00:00,
2026-06-10,paperspace,h100,8,on_demand,,5.95,47.6,80,Hopper,8,USD,1,Paperspace,H100 SXM,https://paperspace.com/pricing,2026-06-10T00:00:04.963484+00:00,
2026-06-10,runpod,a100sxm,1,on_demand,,1.39,1.39,80,Ampere,4,USD,1,RunPod,A100 SXM,https://runpod.io/?ref=fdhbgkyk,2026-06-10T00:00:35.107372+00:00,
2026-06-10,runpod,a100sxm,2,on_demand,,1.39,2.78,80,Ampere,4,USD,1,RunPod,A100 SXM,https://runpod.io/?ref=fdhbgkyk,2026-06-10T00:00:35.135823+00:00,
2026-06-10,runpod,a100sxm,4,on_demand,,1.39,5.56,80,Ampere,4,USD,1,RunPod,A100 SXM,https://runpod.io/?ref=fdhbgkyk,2026-06-10T00:00:35.167961+00:00,
2026-06-10,runpod,b200,1,on_demand,,5.98,5.98,192,Blackwell,1,USD,1,RunPod,B200,https://runpod.io/?ref=fdhbgkyk,2026-06-10T00:00:35.195760+00:00,
2026-06-10,runpod,h100,1,on_demand,,2.69,2.69,80,Hopper,1,USD,1,RunPod,H100 SXM,https://runpod.io/?ref=fdhbgkyk,2026-06-10T00:00:35.787349+00:00,
2026-06-10,runpod,h100nvl,1,on_demand,,2.59,2.59,94,Hopper,4,USD,1,RunPod,H100 NVL,https://runpod.io/?ref=fdhbgkyk,2026-06-10T00:00:35.813850+00:00,
2026-06-10,runpod,h100nvl,2,on_demand,,2.59,5.18,94,Hopper,4,USD,1,RunPod,H100 NVL,https://runpod.io/?ref=fdhbgkyk,2026-06-10T00:00:35.837275+00:00,
2026-06-10,runpod,h100nvl,4,on_demand,,2.59,10.36,94,Hopper,4,USD,1,RunPod,H100 NVL,https://runpod.io/?ref=fdhbgkyk,2026-06-10T00:00:35.862018+00:00,
2026-06-10,runpod,h200,1,on_demand,,3.59,3.59,141,Hopper,4,USD,1,RunPod,H200,https://runpod.io/?ref=fdhbgkyk,2026-06-10T00:00:35.910652+00:00,
2026-06-10,runpod,h200,2,on_demand,,3.59,7.18,141,Hopper,4,USD,1,RunPod,H200,https://runpod.io/?ref=fdhbgkyk,2026-06-10T00:00:35.932570+00:00,
2026-06-10,scaleway,h100,1,on_demand,,3.3174,3.3174,80,Hopper,8,EUR,1.1573,Scaleway,H100 SXM,https://www.scaleway.com/en/pricing/gpu/,2026-06-10T00:01:14.486102+00:00,
2026-06-10,scaleway,h100,2,on_demand,,3.8305,7.661,80,Hopper,8,EUR,1.1573,Scaleway,H100 SXM,https://www.scaleway.com/en/pricing/gpu/,2026-06-10T00:01:14.542557+00:00,
2026-06-10,scaleway,h100,4,on_demand,,3.695,14.78,80,Hopper,8,EUR,1.1573,Scaleway,H100 SXM,https://www.scaleway.com/en/pricing/gpu/,2026-06-10T00:01:14.588645+00:00,
2026-06-10,scaleway,h100,8,on_demand,,3.6644,29.3152,80,Hopper,8,EUR,1.1573,Scaleway,H100 SXM,https://www.scaleway.com/en/pricing/gpu/,2026-06-10T00:01:14.612803+00:00,
2026-06-10,seeweb,a100sxm,1,on_demand,,1.1457,1.1457,80,Ampere,1,EUR,1.1573,Seeweb,A100 SXM,https://www.seeweb.it/prodotti/cloud-server-gpu,2026-06-10T00:00:17.231815+00:00,
2026-06-10,seeweb,h100,1,on_demand,,2.1873,2.1873,80,Hopper,1,EUR,1.1573,Seeweb,H100 SXM,https://www.seeweb.it/prodotti/cloud-server-gpu,2026-06-10T00:00:17.177176+00:00,
2026-06-10,seeweb,h200,1,on_demand,,3.009,3.009,141,Hopper,1,EUR,1.1573,Seeweb,H200,https://www.seeweb.it/prodotti/cloud-server-gpu,2026-06-10T00:00:17.142182+00:00,
2026-06-10,seeweb,mi300x,1,on_demand,,2.7197,2.7197,192,CDNA 3,1,EUR,1.1573,Seeweb,MI300X,https://www.seeweb.it/prodotti/cloud-server-gpu,2026-06-10T00:00:17.111245+00:00,
2026-06-10,sesterce,a100sxm,1,on_demand,,1.496,1.496,80,Ampere,8,USD,1,Sesterce,A100 SXM,https://docs.sesterce.com/api-reference/gpu-cloud-instances,2026-06-10T00:00:23.256619+00:00,
2026-06-10,sesterce,a100sxm,2,on_demand,,1.595,3.19,80,Ampere,8,USD,1,Sesterce,A100 SXM,https://docs.sesterce.com/api-reference/gpu-cloud-instances,2026-06-10T00:00:22.804397+00:00,
2026-06-10,sesterce,a100sxm,4,on_demand,,1.595,6.38,80,Ampere,8,USD,1,Sesterce,A100 SXM,https://docs.sesterce.com/api-reference/gpu-cloud-instances,2026-06-10T00:00:22.287843+00:00,
2026-06-10,sesterce,a100sxm,8,on_demand,,1.496,11.968,80,Ampere,8,USD,1,Sesterce,A100 SXM,https://docs.sesterce.com/api-reference/gpu-cloud-instances,2026-06-10T00:00:21.815490+00:00,
2026-06-10,sesterce,b200,1,on_demand,,7.172,7.172,192,Blackwell,8,USD,1,Sesterce,B200,https://docs.sesterce.com/api-reference/gpu-cloud-instances,2026-06-10T00:00:23.026851+00:00,
2026-06-10,sesterce,b200,2,on_demand,,7.172,14.344,192,Blackwell,8,USD,1,Sesterce,B200,https://docs.sesterce.com/api-reference/gpu-cloud-instances,2026-06-10T00:00:22.593789+00:00,
2026-06-10,sesterce,b200,4,on_demand,,7.0593,28.2372,192,Blackwell,8,USD,1,Sesterce,B200,https://docs.sesterce.com/api-reference/gpu-cloud-instances,2026-06-10T00:00:22.053546+00:00,
2026-06-10,sesterce,b200,8,on_demand,,4.114,32.912,192,Blackwell,8,USD,1,Sesterce,B200,https://docs.sesterce.com/api-reference/gpu-cloud-instances,2026-06-10T00:00:21.558383+00:00,
2026-06-10,sesterce,h100,1,on_demand,,1.826,1.826,80,Hopper,8,USD,1,Sesterce,H100 SXM,https://docs.sesterce.com/api-reference/gpu-cloud-instances,2026-06-10T00:00:23.130553+00:00,
2026-06-10,sesterce,h100,2,on_demand,,2.09,4.18,80,Hopper,8,USD,1,Sesterce,H100 SXM,https://docs.sesterce.com/api-reference/gpu-cloud-instances,2026-06-10T00:00:22.690501+00:00,
2026-06-10,sesterce,h100,4,on_demand,,2.09,8.36,80,Hopper,8,USD,1,Sesterce,H100 SXM,https://docs.sesterce.com/api-reference/gpu-cloud-instances,2026-06-10T00:00:22.164734+00:00,
2026-06-10,sesterce,h100,8,on_demand,,1.9718,15.7744,80,Hopper,8,USD,1,Sesterce,H100 SXM,https://docs.sesterce.com/api-reference/gpu-cloud-instances,2026-06-10T00:00:21.682046+00:00,
2026-06-10,sesterce,h100nvl,2,on_demand,,3.476,6.952,94,Hopper,8,USD,1,Sesterce,H100 NVL,https://docs.sesterce.com/api-reference/gpu-cloud-instances,2026-06-10T00:00:22.653211+00:00,
2026-06-10,sesterce,h100nvl,4,on_demand,,3.476,13.904,94,Hopper,8,USD,1,Sesterce,H100 NVL,https://docs.sesterce.com/api-reference/gpu-cloud-instances,2026-06-10T00:00:22.118688+00:00,
2026-06-10,sesterce,h100nvl,8,on_demand,,3.476,27.808,94,Hopper,8,USD,1,Sesterce,H100 NVL,https://docs.sesterce.com/api-reference/gpu-cloud-instances,2026-06-10T00:00:21.639770+00:00,
2026-06-10,sesterce,h200,1,on_demand,,3.784,3.784,141,Hopper,8,USD,1,Sesterce,H200,https://docs.sesterce.com/api-reference/gpu-cloud-instances,2026-06-10T00:00:23.046806+00:00,
2026-06-10,sesterce,h200,2,on_demand,,5.0765,10.153,141,Hopper,8,USD,1,Sesterce,H200,https://docs.sesterce.com/api-reference/gpu-cloud-instances,2026-06-10T00:00:22.612459+00:00,
2026-06-10,sesterce,h200,4,on_demand,,4.6255,18.502,141,Hopper,8,USD,1,Sesterce,H200,https://docs.sesterce.com/api-reference/gpu-cloud-instances,2026-06-10T00:00:22.076219+00:00,
2026-06-10,sesterce,h200,8,on_demand,,2.475,19.8,141,Hopper,8,USD,1,Sesterce,H200,https://docs.sesterce.com/api-reference/gpu-cloud-instances,2026-06-10T00:00:21.579422+00:00,
2026-06-10,tensordock,a100sxm,3,on_demand,,1.2,3.6,80,Ampere,8,USD,1,TensorDock,A100 SXM,https://dashboard.tensordock.com/api/v2/hostnodes,2026-06-10T00:00:52.351205+00:00,
2026-06-10,tensordock,a100sxm,4,on_demand,,0.85,3.4,80,Ampere,8,USD,1,TensorDock,A100 SXM,https://dashboard.tensordock.com/api/v2/hostnodes,2026-06-10T00:00:52.606877+00:00,
2026-06-10,tensordock,a100sxm,8,on_demand,,0.85,6.8,80,Ampere,8,USD,1,TensorDock,A100 SXM,https://dashboard.tensordock.com/api/v2/hostnodes,2026-06-10T00:00:51.208045+00:00,
2026-06-10,tensordock,h100,8,on_demand,,1.99,15.92,80,Hopper,8,USD,1,TensorDock,H100 SXM,https://dashboard.tensordock.com/api/v2/hostnodes,2026-06-10T00:00:52.702083+00:00,
2026-06-10,theta-edgecloud,h200,1,on_demand,,2.49,2.49,141,Hopper,4,USD,1,Theta EdgeCloud,H200,https://api.thetaedgecloud.com/resource/vm/list,2026-06-10T00:00:37.689232+00:00,
2026-06-10,theta-edgecloud,h200,2,on_demand,,2.49,4.98,141,Hopper,4,USD,1,Theta EdgeCloud,H200,https://api.thetaedgecloud.com/resource/vm/list,2026-06-10T00:00:37.657877+00:00,
2026-06-10,theta-edgecloud,h200,4,on_demand,,2.49,9.96,141,Hopper,4,USD,1,Theta EdgeCloud,H200,https://api.thetaedgecloud.com/resource/vm/list,2026-06-10T00:00:37.634552+00:00,
2026-06-10,together-ai,a100sxm,1,on_demand,,2.592,2.592,80,Ampere,8,USD,1,Together AI,A100 SXM,https://www.together.ai/pricing,2026-06-10T00:00:26.008068+00:00,
2026-06-10,together-ai,a100sxm,2,on_demand,,2.592,5.184,80,Ampere,8,USD,1,Together AI,A100 SXM,https://www.together.ai/pricing,2026-06-10T00:00:26.037006+00:00,
2026-06-10,together-ai,a100sxm,4,on_demand,,2.592,10.368,80,Ampere,8,USD,1,Together AI,A100 SXM,https://www.together.ai/pricing,2026-06-10T00:00:26.066099+00:00,
2026-06-10,together-ai,a100sxm,8,on_demand,,2.592,20.736,80,Ampere,8,USD,1,Together AI,A100 SXM,https://www.together.ai/pricing,2026-06-10T00:00:26.099309+00:00,
2026-06-10,together-ai,b200,1,on_demand,,11.952,11.952,192,Blackwell,8,USD,1,Together AI,B200,https://www.together.ai/pricing,2026-06-10T00:00:25.660581+00:00,
2026-06-10,together-ai,b200,2,on_demand,,11.949,23.898,192,Blackwell,8,USD,1,Together AI,B200,https://www.together.ai/pricing,2026-06-10T00:00:25.687221+00:00,
2026-06-10,together-ai,b200,4,on_demand,,11.9505,47.802,192,Blackwell,8,USD,1,Together AI,B200,https://www.together.ai/pricing,2026-06-10T00:00:25.710480+00:00,
2026-06-10,together-ai,b200,8,on_demand,,11.9498,95.5984,192,Blackwell,8,USD,1,Together AI,B200,https://www.together.ai/pricing,2026-06-10T00:00:25.734118+00:00,
2026-06-10,together-ai,h100,1,on_demand,,6.492,6.492,80,Hopper,8,USD,1,Together AI,H100 SXM,https://www.together.ai/pricing,2026-06-10T00:00:26.126459+00:00,
2026-06-10,together-ai,h100,2,on_demand,,6.489,12.978,80,Hopper,8,USD,1,Together AI,H100 SXM,https://www.together.ai/pricing,2026-06-10T00:00:26.147978+00:00,
2026-06-10,together-ai,h100,4,on_demand,,6.4905,25.962,80,Hopper,8,USD,1,Together AI,H100 SXM,https://www.together.ai/pricing,2026-06-10T00:00:26.167688+00:00,
2026-06-10,together-ai,h100,8,on_demand,,6.4898,51.9184,80,Hopper,8,USD,1,Together AI,H100 SXM,https://www.together.ai/pricing,2026-06-10T00:00:26.191630+00:00,
2026-06-10,together-ai,h200,1,on_demand,,7.89,7.89,141,Hopper,8,USD,1,Together AI,H200,https://www.together.ai/pricing,2026-06-10T00:00:25.553399+00:00,
2026-06-10,together-ai,h200,2,on_demand,,7.89,15.78,141,Hopper,8,USD,1,Together AI,H200,https://www.together.ai/pricing,2026-06-10T00:00:25.576606+00:00,
2026-06-10,together-ai,h200,4,on_demand,,7.89,31.56,141,Hopper,8,USD,1,Together AI,H200,https://www.together.ai/pricing,2026-06-10T00:00:25.601925+00:00,
2026-06-10,together-ai,h200,8,on_demand,,7.89,63.12,141,Hopper,8,USD,1,Together AI,H200,https://www.together.ai/pricing,2026-06-10T00:00:25.632998+00:00,
2026-06-10,voltage,h100,1,on_demand,,1.99,1.99,80,Hopper,8,USD,1,Voltage Park,H100 SXM,https://shadeform.com/directory/instances?cloud=voltagepark&gputype=H100&numgpus=1&referral=6B321750,2026-06-10T00:00:48.878895+00:00,
2026-06-10,voltage,h100,2,on_demand,,1.99,3.98,80,Hopper,8,USD,1,Voltage Park,H100 SXM,https://shadeform.com/directory/instances?cloud=voltagepark&gputype=H100&numgpus=2&referral=6B321750,2026-06-10T00:00:48.929564+00:00,
2026-06-10,voltage,h100,4,on_demand,,1.99,7.96,80,Hopper,8,USD,1,Voltage Park,H100 SXM,https://shadeform.com/directory/instances?cloud=voltagepark&gputype=H100&numgpus=4&referral=6B321750,2026-06-10T00:00:48.904809+00:00,
2026-06-10,voltage,h100,8,on_demand,,1.99,15.92,80,Hopper,8,USD,1,Voltage Park,H100 SXM,https://shadeform.com/directory/instances?cloud=voltagepark&gputype=H100&numgpus=8&referral=6B321750,2026-06-10T00:00:48.953179+00:00,
2026-06-10,vultr,a100sxm,1,on_demand,,2.6,2.6,80,Ampere,1,USD,1,Vultr,A100 SXM,https://shadeform.com/directory/instances?cloud=vultr&gputype=A100_80G&numgpus=1&referral=6B321750,2026-06-10T00:00:50.046120+00:00,
2026-06-11,atlas-cloud,h100,1,on_demand,,2.95,2.95,80,Hopper,1,USD,1,Atlas Cloud,H100 SXM,https://www.atlascloud.ai/pricing/gpu,2026-06-11T07:01:34.645659+00:00,
2026-06-11,atlas-cloud,h200,1,on_demand,,3.5,3.5,141,Hopper,1,USD,1,Atlas Cloud,H200,https://www.atlascloud.ai/pricing/gpu,2026-06-11T07:01:34.606075+00:00,
2026-06-11,aws,a100sxm,8,on_demand,,2.7447,21.9576,80,Ampere,8,USD,1,Amazon AWS,A100 SXM,https://aws.amazon.com/ec2/pricing/on-demand/,2026-06-11T00:00:06.363594+00:00,
2026-06-11,aws,h100,8,on_demand,,6.88,55.04,80,Hopper,8,USD,1,Amazon AWS,H100 SXM,https://aws.amazon.com/ec2/pricing/on-demand/,2026-06-11T00:00:06.269373+00:00,
2026-06-11,aws,h200,8,on_demand,,7.912,63.296,141,Hopper,8,USD,1,Amazon AWS,H200,https://aws.amazon.com/ec2/pricing/on-demand/,2026-06-11T00:00:06.321315+00:00,
2026-06-11,beam,a100sxm,1,on_demand,,1.3,1.3,80,Ampere,1,USD,1,Beam,A100 SXM,https://www.beam.cloud/pricing,2026-06-11T11:01:09.958604+00:00,
2026-06-11,beyond-pl,b200,8,on_demand,,5.1,40.8,192,Blackwell,8,USD,1,Beyond.pl,B200,https://www.beyond.pl/en/services/gpu-as-a-service-gpuaas/,2026-06-11T13:01:03.030484+00:00,
2026-06-11,crusoe,a100sxm,1,on_demand,,1.45,1.45,80,Ampere,8,USD,1,Crusoe,A100 SXM,https://shadeform.com/directory/instances?cloud=crusoe&gputype=A100&numgpus=1&referral=6B321750,2026-06-11T00:00:33.726060+00:00,
2026-06-11,crusoe,a100sxm,2,on_demand,,1.45,2.9,80,Ampere,8,USD,1,Crusoe,A100 SXM,https://shadeform.com/directory/instances?cloud=crusoe&gputype=A100&numgpus=2&referral=6B321750,2026-06-11T00:00:33.925408+00:00,
2026-06-11,crusoe,a100sxm,4,on_demand,,1.45,5.8,80,Ampere,8,USD,1,Crusoe,A100 SXM,https://shadeform.com/directory/instances?cloud=crusoe&gputype=A100&numgpus=4&referral=6B321750,2026-06-11T00:00:33.907670+00:00,
2026-06-11,crusoe,a100sxm,8,on_demand,,1.65,13.2,80,Ampere,8,USD,1,Crusoe,A100 SXM,https://shadeform.com/directory/instances?cloud=crusoe&gputype=A100_80G&numgpus=8&referral=6B321750,2026-06-11T00:00:33.890800+00:00,
2026-06-11,deep-infra,b200,1,on_demand,,2.79,2.79,192,Blackwell,1,USD,1,Deep Infra,B200,https://deepinfra.com/gpu-instances,2026-06-11T00:00:53.137524+00:00,
2026-06-11,digitalocean,h100,1,on_demand,,3.39,3.39,80,Hopper,8,USD,1,DigitalOcean,H100 SXM,https://www.digitalocean.com/pricing/gpu-droplets?refcode=6dc17d11e796,2026-06-11T00:00:09.860901+00:00,
2026-06-11,digitalocean,h100,8,on_demand,,2.99,23.92,80,Hopper,8,USD,1,DigitalOcean,H100 SXM,https://www.digitalocean.com/pricing/gpu-droplets?refcode=6dc17d11e796,2026-06-11T00:00:09.921647+00:00,
2026-06-11,digitalocean,h200,1,on_demand,,3.44,3.44,141,Hopper,8,USD,1,DigitalOcean,H200,https://www.digitalocean.com/pricing/gpu-droplets?refcode=6dc17d11e796,2026-06-11T00:00:09.881373+00:00,
2026-06-11,digitalocean,h200,8,on_demand,,3.44,27.52,141,Hopper,8,USD,1,DigitalOcean,H200,https://www.digitalocean.com/pricing/gpu-droplets?refcode=6dc17d11e796,2026-06-11T00:00:09.940281+00:00,
2026-06-11,digitalocean,mi300x,1,on_demand,,1.99,1.99,192,CDNA 3,8,USD,1,DigitalOcean,MI300X,https://www.digitalocean.com/pricing/gpu-droplets?refcode=6dc17d11e796,2026-06-11T00:00:09.841402+00:00,
2026-06-11,digitalocean,mi300x,8,on_demand,,1.99,15.92,192,CDNA 3,8,USD,1,DigitalOcean,MI300X,https://www.digitalocean.com/pricing/gpu-droplets?refcode=6dc17d11e796,2026-06-11T00:00:09.903636+00:00,
2026-06-11,hyperstack,a100sxm,1,on_demand,,1.35,1.35,80,Ampere,8,USD,1,Hyperstack,A100 SXM,https://shadeform.com/directory/instances?cloud=hyperstack&gputype=A100_80G&numgpus=1&referral=6B321750,2026-06-11T00:00:34.924094+00:00,
2026-06-11,hyperstack,a100sxm,2,on_demand,,1.35,2.7,80,Ampere,8,USD,1,Hyperstack,A100 SXM,https://shadeform.com/directory/instances?cloud=hyperstack&gputype=A100_80G&numgpus=2&referral=6B321750,2026-06-11T00:00:34.762286+00:00,
2026-06-11,hyperstack,a100sxm,4,on_demand,,1.35,5.4,80,Ampere,8,USD,1,Hyperstack,A100 SXM,https://shadeform.com/directory/instances?cloud=hyperstack&gputype=A100_80G&numgpus=4&referral=6B321750,2026-06-11T00:00:34.796566+00:00,
2026-06-11,hyperstack,a100sxm,8,on_demand,,1.35,10.8,80,Ampere,8,USD,1,Hyperstack,A100 SXM,https://shadeform.com/directory/instances?cloud=hyperstack&gputype=A100_80G&numgpus=8&referral=6B321750,2026-06-11T00:00:34.813559+00:00,
2026-06-11,hyperstack,h100,1,on_demand,,1.9,1.9,80,Hopper,8,USD,1,Hyperstack,H100 SXM,https://shadeform.com/directory/instances?cloud=hyperstack&gputype=H100&numgpus=1&referral=6B321750,2026-06-11T00:00:34.836058+00:00,
2026-06-11,hyperstack,h100,2,on_demand,,1.9,3.8,80,Hopper,8,USD,1,Hyperstack,H100 SXM,https://shadeform.com/directory/instances?cloud=hyperstack&gputype=H100&numgpus=2&referral=6B321750,2026-06-11T00:00:35.028510+00:00,
2026-06-11,hyperstack,h100,4,on_demand,,1.9,7.6,80,Hopper,8,USD,1,Hyperstack,H100 SXM,https://shadeform.com/directory/instances?cloud=hyperstack&gputype=H100&numgpus=4&referral=6B321750,2026-06-11T00:00:34.780406+00:00,
2026-06-11,hyperstack,h100,8,on_demand,,1.9,15.2,80,Hopper,8,USD,1,Hyperstack,H100 SXM,https://shadeform.com/directory/instances?cloud=hyperstack&gputype=H100&numgpus=8&referral=6B321750,2026-06-11T00:00:34.739096+00:00,
2026-06-11,lambda,a100sxm,1,on_demand,,1.99,1.99,80,Ampere,8,USD,1,Lambda Labs,A100 SXM,https://docs.lambdalabs.com/public-cloud/cloud-api/#listing-instances-types-offered-by-lambda-gpu-cloud,2026-06-11T00:00:51.408849+00:00,
2026-06-11,lambda,a100sxm,2,on_demand,,1.99,3.98,80,Ampere,8,USD,1,Lambda Labs,A100 SXM,https://docs.lambdalabs.com/public-cloud/cloud-api/#listing-instances-types-offered-by-lambda-gpu-cloud,2026-06-11T00:00:51.430449+00:00,
2026-06-11,lambda,a100sxm,4,on_demand,,1.99,7.96,80,Ampere,8,USD,1,Lambda Labs,A100 SXM,https://docs.lambdalabs.com/public-cloud/cloud-api/#listing-instances-types-offered-by-lambda-gpu-cloud,2026-06-11T00:00:51.454123+00:00,
2026-06-11,lambda,a100sxm,8,on_demand,,1.99,15.92,80,Ampere,8,USD,1,Lambda Labs,A100 SXM,https://docs.lambdalabs.com/public-cloud/cloud-api/#listing-instances-types-offered-by-lambda-gpu-cloud,2026-06-11T00:00:51.473116+00:00,
2026-06-11,lambda,b200,1,on_demand,,6.99,6.99,192,Blackwell,8,USD,1,Lambda Labs,B200,https://docs.lambdalabs.com/public-cloud/cloud-api/#listing-instances-types-offered-by-lambda-gpu-cloud,2026-06-11T00:00:51.203857+00:00,
2026-06-11,lambda,b200,2,on_demand,,6.89,13.78,192,Blackwell,8,USD,1,Lambda Labs,B200,https://docs.lambdalabs.com/public-cloud/cloud-api/#listing-instances-types-offered-by-lambda-gpu-cloud,2026-06-11T00:00:51.183693+00:00,
2026-06-11,lambda,b200,4,on_demand,,6.79,27.16,192,Blackwell,8,USD,1,Lambda Labs,B200,https://docs.lambdalabs.com/public-cloud/cloud-api/#listing-instances-types-offered-by-lambda-gpu-cloud,2026-06-11T00:00:51.162379+00:00,
2026-06-11,lambda,b200,8,on_demand,,6.69,53.52,192,Blackwell,8,USD,1,Lambda Labs,B200,https://docs.lambdalabs.com/public-cloud/cloud-api/#listing-instances-types-offered-by-lambda-gpu-cloud,2026-06-11T00:00:51.142052+00:00,
2026-06-11,lambda,h100,1,on_demand,,3.29,3.29,80,Hopper,8,USD,1,Lambda Labs,H100 SXM,https://docs.lambdalabs.com/public-cloud/cloud-api/#listing-instances-types-offered-by-lambda-gpu-cloud,2026-06-11T00:00:51.315485+00:00,
2026-06-11,lambda,h100,2,on_demand,,4.19,8.38,80,Hopper,8,USD,1,Lambda Labs,H100 SXM,https://docs.lambdalabs.com/public-cloud/cloud-api/#listing-instances-types-offered-by-lambda-gpu-cloud,2026-06-11T00:00:51.271916+00:00,
2026-06-11,lambda,h100,4,on_demand,,4.09,16.36,80,Hopper,8,USD,1,Lambda Labs,H100 SXM,https://docs.lambdalabs.com/public-cloud/cloud-api/#listing-instances-types-offered-by-lambda-gpu-cloud,2026-06-11T00:00:51.252963+00:00,
2026-06-11,lambda,h100,8,on_demand,,3.99,31.92,80,Hopper,8,USD,1,Lambda Labs,H100 SXM,https://docs.lambdalabs.com/public-cloud/cloud-api/#listing-instances-types-offered-by-lambda-gpu-cloud,2026-06-11T00:00:51.230988+00:00,
2026-06-11,latitude,h100,1,on_demand,,1.66,1.66,80,Hopper,8,USD,1,Latitude.sh,H100 SXM,https://shadeform.com/directory/instances?cloud=latitude&gputype=H100&numgpus=1&referral=6B321750,2026-06-11T00:00:35.467244+00:00,
2026-06-11,latitude,h100,4,on_demand,,2.2425,8.97,80,Hopper,8,USD,1,Latitude.sh,H100 SXM,https://shadeform.com/directory/instances?cloud=latitude&gputype=H100&numgpus=4&referral=6B321750,2026-06-11T00:00:35.411480+00:00,
2026-06-11,latitude,h100,8,on_demand,,1.7925,14.34,80,Hopper,8,USD,1,Latitude.sh,H100 SXM,https://shadeform.com/directory/instances?cloud=latitude&gputype=H100&numgpus=8&referral=6B321750,2026-06-11T00:00:35.393847+00:00,
2026-06-11,massedcompute,a100sxm,1,on_demand,,1.35,1.35,80,Ampere,8,USD,1,Massed Compute,A100 SXM,https://shadeform.com/directory/instances?cloud=massedcompute&gputype=A100_80G&numgpus=1&referral=6B321750,2026-06-11T00:00:32.798947+00:00,
2026-06-11,massedcompute,a100sxm,2,on_demand,,1.35,2.7,80,Ampere,8,USD,1,Massed Compute,A100 SXM,https://shadeform.com/directory/instances?cloud=massedcompute&gputype=A100_80G&numgpus=2&referral=6B321750,2026-06-11T00:00:32.781486+00:00,
2026-06-11,massedcompute,a100sxm,4,on_demand,,1.35,5.4,80,Ampere,8,USD,1,Massed Compute,A100 SXM,https://shadeform.com/directory/instances?cloud=massedcompute&gputype=A100_80G&numgpus=4&referral=6B321750,2026-06-11T00:00:32.842807+00:00,
2026-06-11,massedcompute,a100sxm,8,on_demand,,1.35,10.8,80,Ampere,8,USD,1,Massed Compute,A100 SXM,https://shadeform.com/directory/instances?cloud=massedcompute&gputype=A100_80G&numgpus=8&referral=6B321750,2026-06-11T00:00:32.744527+00:00,
2026-06-11,massedcompute,a100sxm,8,spot,,1.2425,9.94,80,Ampere,8,USD,1,Massed Compute,A100 SXM,https://vm.massedcompute.com/api/v1/gpu-inventory,2026-06-11T00:00:10.102928+00:00,
2026-06-11,massedcompute,h100,1,on_demand,,2.73,2.73,80,Hopper,8,USD,1,Massed Compute,H100 SXM,https://shadeform.com/directory/instances?cloud=massedcompute&gputype=H100&numgpus=1&referral=6B321750,2026-06-11T00:00:32.946511+00:00,
2026-06-11,massedcompute,h100,1,spot,,2.45,2.45,80,Hopper,8,USD,1,Massed Compute,H100 SXM,https://vm.massedcompute.com/api/v1/gpu-inventory,2026-06-11T00:00:09.463519+00:00,
2026-06-11,massedcompute,h100,2,on_demand,,2.73,5.46,80,Hopper,8,USD,1,Massed Compute,H100 SXM,https://shadeform.com/directory/instances?cloud=massedcompute&gputype=H100&numgpus=2&referral=6B321750,2026-06-11T00:00:32.929252+00:00,
2026-06-11,massedcompute,h100,2,spot,,2.45,4.9,80,Hopper,8,USD,1,Massed Compute,H100 SXM,https://vm.massedcompute.com/api/v1/gpu-inventory,2026-06-11T00:00:09.487755+00:00,
2026-06-11,massedcompute,h100,4,on_demand,,2.7275,10.91,80,Hopper,8,USD,1,Massed Compute,H100 SXM,https://shadeform.com/directory/instances?cloud=massedcompute&gputype=H100&numgpus=4&referral=6B321750,2026-06-11T00:00:32.254366+00:00,
2026-06-11,massedcompute,h100,4,spot,,2.45,9.8,80,Hopper,8,USD,1,Massed Compute,H100 SXM,https://vm.massedcompute.com/api/v1/gpu-inventory,2026-06-11T00:00:09.507076+00:00,
2026-06-11,massedcompute,h100,8,on_demand,,3.14,25.12,80,Hopper,8,USD,1,Massed Compute,H100 SXM,https://shadeform.com/directory/instances?cloud=massedcompute&gputype=H100&numgpus=8&referral=6B321750,2026-06-11T00:00:32.182040+00:00,
2026-06-11,massedcompute,h100,8,spot,,2.45,19.6,80,Hopper,8,USD,1,Massed Compute,H100 SXM,https://vm.massedcompute.com/api/v1/gpu-inventory,2026-06-11T00:00:09.525621+00:00,
2026-06-11,massedcompute,h100nvl,1,on_demand,,3.11,3.11,94,Hopper,8,USD,1,Massed Compute,H100 NVL,https://vm.massedcompute.com/api/v1/gpu-inventory,2026-06-11T00:00:10.581947+00:00,
2026-06-11,massedcompute,h100nvl,2,on_demand,,3.16,6.32,94,Hopper,8,USD,1,Massed Compute,H100 NVL,https://shadeform.com/directory/instances?cloud=massedcompute&gputype=H100_NVL&numgpus=2&referral=6B321750,2026-06-11T00:00:32.200065+00:00,
2026-06-11,massedcompute,h100nvl,4,on_demand,,3.16,12.64,94,Hopper,8,USD,1,Massed Compute,H100 NVL,https://shadeform.com/directory/instances?cloud=massedcompute&gputype=H100_NVL&numgpus=4&referral=6B321750,2026-06-11T00:00:32.963650+00:00,
2026-06-11,massedcompute,h100nvl,8,on_demand,,3.16,25.28,94,Hopper,8,USD,1,Massed Compute,H100 NVL,https://shadeform.com/directory/instances?cloud=massedcompute&gputype=H100_NVL&numgpus=8&referral=6B321750,2026-06-11T00:00:32.146150+00:00,
2026-06-11,massedcompute,h200,1,on_demand,,3.62,3.62,141,Hopper,8,USD,1,Massed Compute,H200,https://vm.massedcompute.com/api/v1/gpu-inventory,2026-06-11T00:00:10.432054+00:00,
2026-06-11,massedcompute,h200,2,on_demand,,3.62,7.24,141,Hopper,8,USD,1,Massed Compute,H200,https://vm.massedcompute.com/api/v1/gpu-inventory,2026-06-11T00:00:10.451136+00:00,
2026-06-11,massedcompute,h200,4,on_demand,,3.82,15.28,141,Hopper,8,USD,1,Massed Compute,H200,https://vm.massedcompute.com/api/v1/gpu-inventory,2026-06-11T00:00:10.507135+00:00,
2026-06-11,massedcompute,h200,4,spot,,3.4375,13.75,141,Hopper,8,USD,1,Massed Compute,H200,https://vm.massedcompute.com/api/v1/gpu-inventory,2026-06-11T00:00:10.544758+00:00,
2026-06-11,massedcompute,h200,8,on_demand,,3.82,30.56,141,Hopper,8,USD,1,Massed Compute,H200,https://vm.massedcompute.com/api/v1/gpu-inventory,2026-06-11T00:00:10.524837+00:00,
2026-06-11,massedcompute,h200,8,spot,,3.4375,27.5,141,Hopper,8,USD,1,Massed Compute,H200,https://vm.massedcompute.com/api/v1/gpu-inventory,2026-06-11T00:00:10.563947+00:00,
2026-06-11,nebius,h100,1,on_demand,,3.98,3.98,80,Hopper,8,USD,1,Nebius,H100 SXM,https://shadeform.com/directory/instances?cloud=nebius&gputype=H100&numgpus=1&referral=6B321750,2026-06-11T00:00:36.004615+00:00,
2026-06-11,nebius,h100,8,on_demand,,3.8663,30.9304,80,Hopper,8,USD,1,Nebius,H100 SXM,https://shadeform.com/directory/instances?cloud=nebius&gputype=H100&numgpus=8&referral=6B321750,2026-06-11T00:00:35.983515+00:00,
2026-06-11,nebius,h200,1,on_demand,,4.63,4.63,141,Hopper,8,USD,1,Nebius,H200,https://shadeform.com/directory/instances?cloud=nebius&gputype=H200&numgpus=1&referral=6B321750,2026-06-11T00:00:35.965889+00:00,
2026-06-11,nebius,h200,8,on_demand,,4.5163,36.1304,141,Hopper,8,USD,1,Nebius,H200,https://shadeform.com/directory/instances?cloud=nebius&gputype=H200&numgpus=8&referral=6B321750,2026-06-11T00:00:36.022137+00:00,
2026-06-11,oracle,a100sxm,1,on_demand,,4,4,80,Ampere,1,USD,1,Oracle Cloud,A100 SXM,https://apexapps.oracle.com/pls/apex/cetools/api/v1/products/,2026-06-11T00:00:38.230371+00:00,
2026-06-11,oracle,b200,1,on_demand,,14,14,192,Blackwell,1,USD,1,Oracle Cloud,B200,https://apexapps.oracle.com/pls/apex/cetools/api/v1/products/,2026-06-11T00:00:38.094713+00:00,
2026-06-11,oracle,gb200,1,on_demand,,16,16,384,Blackwell,1,USD,1,Oracle Cloud,GB200,https://apexapps.oracle.com/pls/apex/cetools/api/v1/products/,2026-06-11T00:00:38.128321+00:00,
2026-06-11,oracle,gb300,1,on_demand,,18,18,576,Blackwell,1,USD,1,Oracle Cloud,GB300,https://apexapps.oracle.com/pls/apex/cetools/api/v1/products/,2026-06-11T00:00:38.168686+00:00,
2026-06-11,oracle,h100,1,on_demand,,10,10,80,Hopper,1,USD,1,Oracle Cloud,H100 SXM,https://apexapps.oracle.com/pls/apex/cetools/api/v1/products/,2026-06-11T00:00:38.306111+00:00,
2026-06-11,oracle,h200,1,on_demand,,10,10,141,Hopper,1,USD,1,Oracle Cloud,H200,https://apexapps.oracle.com/pls/apex/cetools/api/v1/products/,2026-06-11T00:00:38.064020+00:00,
2026-06-11,oracle,mi300x,1,on_demand,,6,6,192,CDNA 3,1,USD,1,Oracle Cloud,MI300X,https://apexapps.oracle.com/pls/apex/cetools/api/v1/products/,2026-06-11T00:00:38.041766+00:00,
2026-06-11,paperspace,a100sxm,1,on_demand,,3.28,3.28,80,Ampere,8,USD,1,Paperspace,A100 SXM,https://shadeform.com/directory/instances?cloud=paperspace&gputype=A100_80G&numgpus=1&referral=6B321750,2026-06-11T00:00:34.397218+00:00,
2026-06-11,paperspace,a100sxm,2,on_demand,,3.13,6.26,80,Ampere,8,USD,1,Paperspace,A100 SXM,https://shadeform.com/directory/instances?cloud=paperspace&gputype=A100&numgpus=2&referral=6B321750,2026-06-11T00:00:34.486768+00:00,
2026-06-11,paperspace,a100sxm,4,on_demand,,3.11,12.44,80,Ampere,8,USD,1,Paperspace,A100 SXM,https://shadeform.com/directory/instances?cloud=paperspace&gputype=A100&numgpus=4&referral=6B321750,2026-06-11T00:00:34.378128+00:00,
2026-06-11,paperspace,a100sxm,8,on_demand,,3.11,24.88,80,Ampere,8,USD,1,Paperspace,A100 SXM,https://shadeform.com/directory/instances?cloud=paperspace&gputype=A100&numgpus=8&referral=6B321750,2026-06-11T00:00:34.230600+00:00,
2026-06-11,paperspace,h100,1,on_demand,,5.99,5.99,80,Hopper,8,USD,1,Paperspace,H100 SXM,https://shadeform.com/directory/instances?cloud=paperspace&gputype=H100&numgpus=1&referral=6B321750,2026-06-11T00:00:34.134641+00:00,
2026-06-11,paperspace,h100,8,on_demand,,5.95,47.6,80,Hopper,8,USD,1,Paperspace,H100 SXM,https://paperspace.com/pricing,2026-06-11T00:00:32.223566+00:00,
2026-06-11,runpod,a100sxm,1,on_demand,,1.39,1.39,80,Ampere,4,USD,1,RunPod,A100 SXM,https://runpod.io/?ref=fdhbgkyk,2026-06-11T00:00:42.085744+00:00,
2026-06-11,runpod,a100sxm,2,on_demand,,1.39,2.78,80,Ampere,4,USD,1,RunPod,A100 SXM,https://runpod.io/?ref=fdhbgkyk,2026-06-11T00:00:42.112665+00:00,
2026-06-11,runpod,a100sxm,4,on_demand,,1.39,5.56,80,Ampere,4,USD,1,RunPod,A100 SXM,https://runpod.io/?ref=fdhbgkyk,2026-06-11T00:00:42.135516+00:00,
2026-06-11,runpod,b200,1,on_demand,,5.98,5.98,192,Blackwell,1,USD,1,RunPod,B200,https://runpod.io/?ref=fdhbgkyk,2026-06-11T00:00:42.154201+00:00,
2026-06-11,runpod,h100,1,on_demand,,2.69,2.69,80,Hopper,1,USD,1,RunPod,H100 SXM,https://runpod.io/?ref=fdhbgkyk,2026-06-11T00:00:42.707143+00:00,
2026-06-11,runpod,h100nvl,1,on_demand,,2.59,2.59,94,Hopper,4,USD,1,RunPod,H100 NVL,https://runpod.io/?ref=fdhbgkyk,2026-06-11T00:00:42.733902+00:00,
2026-06-11,runpod,h200,1,on_demand,,3.59,3.59,141,Hopper,4,USD,1,RunPod,H200,https://runpod.io/?ref=fdhbgkyk,2026-06-11T00:00:42.784506+00:00,
2026-06-11,runpod,h200,2,on_demand,,3.59,7.18,141,Hopper,4,USD,1,RunPod,H200,https://runpod.io/?ref=fdhbgkyk,2026-06-11T00:00:42.819138+00:00,
2026-06-11,runpod,h200,4,on_demand,,3.59,14.36,141,Hopper,4,USD,1,RunPod,H200,https://runpod.io/?ref=fdhbgkyk,2026-06-11T00:00:42.846070+00:00,
2026-06-11,scaleway,h100,1,on_demand,,3.3077,3.3077,80,Hopper,8,EUR,1.1539,Scaleway,H100 SXM,https://www.scaleway.com/en/pricing/gpu/,2026-06-11T00:00:43.455655+00:00,
2026-06-11,scaleway,h100,2,on_demand,,3.8193,7.6386,80,Hopper,8,EUR,1.1539,Scaleway,H100 SXM,https://www.scaleway.com/en/pricing/gpu/,2026-06-11T00:00:43.497123+00:00,
2026-06-11,scaleway,h100,4,on_demand,,3.6841,14.7364,80,Hopper,8,EUR,1.1539,Scaleway,H100 SXM,https://www.scaleway.com/en/pricing/gpu/,2026-06-11T00:00:43.515691+00:00,
2026-06-11,scaleway,h100,8,on_demand,,3.6537,29.2296,80,Hopper,8,EUR,1.1539,Scaleway,H100 SXM,https://www.scaleway.com/en/pricing/gpu/,2026-06-11T00:00:43.540662+00:00,
2026-06-11,seeweb,a100sxm,1,on_demand,,1.1424,1.1424,80,Ampere,1,EUR,1.1539,Seeweb,A100 SXM,https://www.seeweb.it/prodotti/cloud-server-gpu,2026-06-11T00:00:11.009195+00:00,
2026-06-11,seeweb,h100,1,on_demand,,2.1809,2.1809,80,Hopper,1,EUR,1.1539,Seeweb,H100 SXM,https://www.seeweb.it/prodotti/cloud-server-gpu,2026-06-11T00:00:10.964331+00:00,
2026-06-11,seeweb,h200,1,on_demand,,3.0001,3.0001,141,Hopper,1,EUR,1.1539,Seeweb,H200,https://www.seeweb.it/prodotti/cloud-server-gpu,2026-06-11T00:00:10.942509+00:00,
2026-06-11,seeweb,mi300x,1,on_demand,,2.7117,2.7117,192,CDNA 3,1,EUR,1.1539,Seeweb,MI300X,https://www.seeweb.it/prodotti/cloud-server-gpu,2026-06-11T00:00:10.916816+00:00,
2026-06-11,sesterce,a100sxm,1,on_demand,,1.496,1.496,80,Ampere,8,USD,1,Sesterce,A100 SXM,https://docs.sesterce.com/api-reference/gpu-cloud-instances,2026-06-11T00:00:28.781384+00:00,
2026-06-11,sesterce,a100sxm,2,on_demand,,1.595,3.19,80,Ampere,8,USD,1,Sesterce,A100 SXM,https://docs.sesterce.com/api-reference/gpu-cloud-instances,2026-06-11T00:00:28.311698+00:00,
2026-06-11,sesterce,a100sxm,4,on_demand,,1.595,6.38,80,Ampere,8,USD,1,Sesterce,A100 SXM,https://docs.sesterce.com/api-reference/gpu-cloud-instances,2026-06-11T00:00:27.893897+00:00,
2026-06-11,sesterce,a100sxm,8,on_demand,,1.496,11.968,80,Ampere,8,USD,1,Sesterce,A100 SXM,https://docs.sesterce.com/api-reference/gpu-cloud-instances,2026-06-11T00:00:27.436602+00:00,
2026-06-11,sesterce,b200,1,on_demand,,7.172,7.172,192,Blackwell,8,USD,1,Sesterce,B200,https://docs.sesterce.com/api-reference/gpu-cloud-instances,2026-06-11T00:00:28.510422+00:00,
2026-06-11,sesterce,b200,2,on_demand,,7.172,14.344,192,Blackwell,8,USD,1,Sesterce,B200,https://docs.sesterce.com/api-reference/gpu-cloud-instances,2026-06-11T00:00:28.083728+00:00,
2026-06-11,sesterce,b200,4,on_demand,,7.0593,28.2372,192,Blackwell,8,USD,1,Sesterce,B200,https://docs.sesterce.com/api-reference/gpu-cloud-instances,2026-06-11T00:00:27.666728+00:00,
2026-06-11,sesterce,b200,8,on_demand,,4.114,32.912,192,Blackwell,8,USD,1,Sesterce,B200,https://docs.sesterce.com/api-reference/gpu-cloud-instances,2026-06-11T00:00:27.141354+00:00,
2026-06-11,sesterce,h100,1,on_demand,,1.826,1.826,80,Hopper,8,USD,1,Sesterce,H100 SXM,https://docs.sesterce.com/api-reference/gpu-cloud-instances,2026-06-11T00:00:28.635206+00:00,
2026-06-11,sesterce,h100,2,on_demand,,2.09,4.18,80,Hopper,8,USD,1,Sesterce,H100 SXM,https://docs.sesterce.com/api-reference/gpu-cloud-instances,2026-06-11T00:00:28.185265+00:00,
2026-06-11,sesterce,h100,4,on_demand,,2.09,8.36,80,Hopper,8,USD,1,Sesterce,H100 SXM,https://docs.sesterce.com/api-reference/gpu-cloud-instances,2026-06-11T00:00:27.768217+00:00,
2026-06-11,sesterce,h100,8,on_demand,,1.9718,15.7744,80,Hopper,8,USD,1,Sesterce,H100 SXM,https://docs.sesterce.com/api-reference/gpu-cloud-instances,2026-06-11T00:00:27.272942+00:00,
2026-06-11,sesterce,h100nvl,2,on_demand,,3.476,6.952,94,Hopper,8,USD,1,Sesterce,H100 NVL,https://docs.sesterce.com/api-reference/gpu-cloud-instances,2026-06-11T00:00:28.143846+00:00,
2026-06-11,sesterce,h100nvl,4,on_demand,,3.476,13.904,94,Hopper,8,USD,1,Sesterce,H100 NVL,https://docs.sesterce.com/api-reference/gpu-cloud-instances,2026-06-11T00:00:27.729811+00:00,
2026-06-11,sesterce,h100nvl,8,on_demand,,3.476,27.808,94,Hopper,8,USD,1,Sesterce,H100 NVL,https://docs.sesterce.com/api-reference/gpu-cloud-instances,2026-06-11T00:00:27.231045+00:00,
2026-06-11,sesterce,h200,1,on_demand,,3.784,3.784,141,Hopper,8,USD,1,Sesterce,H200,https://docs.sesterce.com/api-reference/gpu-cloud-instances,2026-06-11T00:00:28.528548+00:00,
2026-06-11,sesterce,h200,2,on_demand,,5.0765,10.153,141,Hopper,8,USD,1,Sesterce,H200,https://docs.sesterce.com/api-reference/gpu-cloud-instances,2026-06-11T00:00:28.103388+00:00,
2026-06-11,sesterce,h200,4,on_demand,,4.6255,18.502,141,Hopper,8,USD,1,Sesterce,H200,https://docs.sesterce.com/api-reference/gpu-cloud-instances,2026-06-11T00:00:27.690761+00:00,
2026-06-11,sesterce,h200,8,on_demand,,2.475,19.8,141,Hopper,8,USD,1,Sesterce,H200,https://docs.sesterce.com/api-reference/gpu-cloud-instances,2026-06-11T00:00:27.163573+00:00,
2026-06-11,tensordock,a100sxm,3,on_demand,,1.2,3.6,80,Ampere,8,USD,1,TensorDock,A100 SXM,https://dashboard.tensordock.com/api/v2/hostnodes,2026-06-11T00:00:40.849225+00:00,
2026-06-11,tensordock,h100,8,on_demand,,1.99,15.92,80,Hopper,8,USD,1,TensorDock,H100 SXM,https://dashboard.tensordock.com/api/v2/hostnodes,2026-06-11T00:00:40.947521+00:00,
2026-06-11,theta-edgecloud,h200,1,on_demand,,2.49,2.49,141,Hopper,4,USD,1,Theta EdgeCloud,H200,https://api.thetaedgecloud.com/resource/vm/list,2026-06-11T00:00:40.857218+00:00,
2026-06-11,theta-edgecloud,h200,2,on_demand,,2.49,4.98,141,Hopper,4,USD,1,Theta EdgeCloud,H200,https://api.thetaedgecloud.com/resource/vm/list,2026-06-11T00:00:40.830291+00:00,
2026-06-11,theta-edgecloud,h200,4,on_demand,,2.49,9.96,141,Hopper,4,USD,1,Theta EdgeCloud,H200,https://api.thetaedgecloud.com/resource/vm/list,2026-06-11T00:00:40.805424+00:00,
2026-06-11,together-ai,a100sxm,1,on_demand,,2.592,2.592,80,Ampere,8,USD,1,Together AI,A100 SXM,https://www.together.ai/pricing,2026-06-11T00:00:26.055218+00:00,
2026-06-11,together-ai,a100sxm,2,on_demand,,2.592,5.184,80,Ampere,8,USD,1,Together AI,A100 SXM,https://www.together.ai/pricing,2026-06-11T00:00:26.073438+00:00,
2026-06-11,together-ai,a100sxm,4,on_demand,,2.592,10.368,80,Ampere,8,USD,1,Together AI,A100 SXM,https://www.together.ai/pricing,2026-06-11T00:00:26.091924+00:00,
2026-06-11,together-ai,a100sxm,8,on_demand,,2.592,20.736,80,Ampere,8,USD,1,Together AI,A100 SXM,https://www.together.ai/pricing,2026-06-11T00:00:26.111000+00:00,
2026-06-11,together-ai,b200,1,on_demand,,11.952,11.952,192,Blackwell,8,USD,1,Together AI,B200,https://www.together.ai/pricing,2026-06-11T00:00:25.734720+00:00,
2026-06-11,together-ai,b200,2,on_demand,,11.949,23.898,192,Blackwell,8,USD,1,Together AI,B200,https://www.together.ai/pricing,2026-06-11T00:00:25.754727+00:00,
2026-06-11,together-ai,b200,4,on_demand,,11.9505,47.802,192,Blackwell,8,USD,1,Together AI,B200,https://www.together.ai/pricing,2026-06-11T00:00:25.774074+00:00,
2026-06-11,together-ai,b200,8,on_demand,,11.9498,95.5984,192,Blackwell,8,USD,1,Together AI,B200,https://www.together.ai/pricing,2026-06-11T00:00:25.796214+00:00,
2026-06-11,together-ai,h100,1,on_demand,,6.492,6.492,80,Hopper,8,USD,1,Together AI,H100 SXM,https://www.together.ai/pricing,2026-06-11T00:00:26.129084+00:00,
2026-06-11,together-ai,h100,2,on_demand,,6.489,12.978,80,Hopper,8,USD,1,Together AI,H100 SXM,https://www.together.ai/pricing,2026-06-11T00:00:26.148024+00:00,
2026-06-11,together-ai,h100,4,on_demand,,6.4905,25.962,80,Hopper,8,USD,1,Together AI,H100 SXM,https://www.together.ai/pricing,2026-06-11T00:00:26.166549+00:00,
2026-06-11,together-ai,h100,8,on_demand,,6.4898,51.9184,80,Hopper,8,USD,1,Together AI,H100 SXM,https://www.together.ai/pricing,2026-06-11T00:00:26.184197+00:00,
2026-06-11,together-ai,h200,1,on_demand,,7.89,7.89,141,Hopper,8,USD,1,Together AI,H200,https://www.together.ai/pricing,2026-06-11T00:00:25.646336+00:00,
2026-06-11,together-ai,h200,2,on_demand,,7.89,15.78,141,Hopper,8,USD,1,Together AI,H200,https://www.together.ai/pricing,2026-06-11T00:00:25.671829+00:00,
2026-06-11,together-ai,h200,4,on_demand,,7.89,31.56,141,Hopper,8,USD,1,Together AI,H200,https://www.together.ai/pricing,2026-06-11T00:00:25.694173+00:00,
2026-06-11,together-ai,h200,8,on_demand,,7.89,63.12,141,Hopper,8,USD,1,Together AI,H200,https://www.together.ai/pricing,2026-06-11T00:00:25.715901+00:00,
2026-06-11,verda,a100sxm,1,on_demand,,1.79,1.79,80,Ampere,8,USD,1,Verda,A100 SXM,https://api.verda.com/v1/docs#tag/instance-types/GET/v1/instance-types,2026-06-11T00:00:16.833782+00:00,
2026-06-11,verda,a100sxm,1,spot,,0.6265,0.6265,80,Ampere,8,USD,1,Verda,A100 SXM,https://api.verda.com/v1/docs#tag/instance-types/GET/v1/instance-types,2026-06-11T00:00:16.853292+00:00,
2026-06-11,verda,a100sxm,2,on_demand,,1.79,3.58,80,Ampere,8,USD,1,Verda,A100 SXM,https://api.verda.com/v1/docs#tag/instance-types/GET/v1/instance-types,2026-06-11T00:00:16.870045+00:00,
2026-06-11,verda,a100sxm,2,spot,,0.6265,1.253,80,Ampere,8,USD,1,Verda,A100 SXM,https://api.verda.com/v1/docs#tag/instance-types/GET/v1/instance-types,2026-06-11T00:00:16.887458+00:00,
2026-06-11,verda,a100sxm,4,on_demand,,1.79,7.16,80,Ampere,8,USD,1,Verda,A100 SXM,https://api.verda.com/v1/docs#tag/instance-types/GET/v1/instance-types,2026-06-11T00:00:16.907255+00:00,
2026-06-11,verda,a100sxm,4,spot,,0.6265,2.506,80,Ampere,8,USD,1,Verda,A100 SXM,https://api.verda.com/v1/docs#tag/instance-types/GET/v1/instance-types,2026-06-11T00:00:16.925242+00:00,
2026-06-11,verda,a100sxm,8,on_demand,,1.79,14.32,80,Ampere,8,USD,1,Verda,A100 SXM,https://api.verda.com/v1/docs#tag/instance-types/GET/v1/instance-types,2026-06-11T00:00:16.942596+00:00,
2026-06-11,verda,a100sxm,8,spot,,0.6265,5.012,80,Ampere,8,USD,1,Verda,A100 SXM,https://api.verda.com/v1/docs#tag/instance-types/GET/v1/instance-types,2026-06-11T00:00:16.960654+00:00,
2026-06-11,verda,b200,1,on_demand,,6.11,6.11,192,Blackwell,8,USD,1,Verda,B200,https://api.verda.com/v1/docs#tag/instance-types/GET/v1/instance-types,2026-06-11T00:00:16.219469+00:00,
2026-06-11,verda,b200,1,spot,,2.139,2.139,192,Blackwell,8,USD,1,Verda,B200,https://api.verda.com/v1/docs#tag/instance-types/GET/v1/instance-types,2026-06-11T00:00:16.245063+00:00,
2026-06-11,verda,b200,2,on_demand,,6.11,12.22,192,Blackwell,8,USD,1,Verda,B200,https://api.verda.com/v1/docs#tag/instance-types/GET/v1/instance-types,2026-06-11T00:00:16.270298+00:00,
2026-06-11,verda,b200,2,spot,,2.1385,4.277,192,Blackwell,8,USD,1,Verda,B200,https://api.verda.com/v1/docs#tag/instance-types/GET/v1/instance-types,2026-06-11T00:00:16.290041+00:00,
2026-06-11,verda,b200,4,on_demand,,6.11,24.44,192,Blackwell,8,USD,1,Verda,B200,https://api.verda.com/v1/docs#tag/instance-types/GET/v1/instance-types,2026-06-11T00:00:16.309705+00:00,
2026-06-11,verda,b200,4,spot,,2.1385,8.554,192,Blackwell,8,USD,1,Verda,B200,https://api.verda.com/v1/docs#tag/instance-types/GET/v1/instance-types,2026-06-11T00:00:16.331774+00:00,
2026-06-11,verda,b200,8,on_demand,,6.11,48.88,192,Blackwell,8,USD,1,Verda,B200,https://api.verda.com/v1/docs#tag/instance-types/GET/v1/instance-types,2026-06-11T00:00:16.349199+00:00,
2026-06-11,verda,b200,8,spot,,2.1388,17.1104,192,Blackwell,8,USD,1,Verda,B200,https://api.verda.com/v1/docs#tag/instance-types/GET/v1/instance-types,2026-06-11T00:00:16.368894+00:00,
2026-06-11,verda,gb300,1,on_demand,,8.62,8.62,576,Blackwell,4,USD,1,Verda,GB300,https://api.verda.com/v1/docs#tag/instance-types/GET/v1/instance-types,2026-06-11T00:00:15.907885+00:00,
2026-06-11,verda,gb300,1,spot,,3.017,3.017,576,Blackwell,4,USD,1,Verda,GB300,https://api.verda.com/v1/docs#tag/instance-types/GET/v1/instance-types,2026-06-11T00:00:15.934682+00:00,
2026-06-11,verda,gb300,2,on_demand,,8.62,17.24,576,Blackwell,4,USD,1,Verda,GB300,https://api.verda.com/v1/docs#tag/instance-types/GET/v1/instance-types,2026-06-11T00:00:15.960301+00:00,
2026-06-11,verda,gb300,2,spot,,3.017,6.034,576,Blackwell,4,USD,1,Verda,GB300,https://api.verda.com/v1/docs#tag/instance-types/GET/v1/instance-types,2026-06-11T00:00:15.980505+00:00,
2026-06-11,verda,gb300,4,on_demand,,8.62,34.48,576,Blackwell,4,USD,1,Verda,GB300,https://api.verda.com/v1/docs#tag/instance-types/GET/v1/instance-types,2026-06-11T00:00:16.001839+00:00,
2026-06-11,verda,gb300,4,spot,,3.0175,12.07,576,Blackwell,4,USD,1,Verda,GB300,https://api.verda.com/v1/docs#tag/instance-types/GET/v1/instance-types,2026-06-11T00:00:16.022895+00:00,
2026-06-11,verda,h100,1,on_demand,,3.25,3.25,80,Hopper,8,USD,1,Verda,H100 SXM,https://api.verda.com/v1/docs#tag/instance-types/GET/v1/instance-types,2026-06-11T00:00:16.647269+00:00,
2026-06-11,verda,h100,1,spot,,1.138,1.138,80,Hopper,8,USD,1,Verda,H100 SXM,https://api.verda.com/v1/docs#tag/instance-types/GET/v1/instance-types,2026-06-11T00:00:16.665462+00:00,
2026-06-11,verda,h100,2,on_demand,,3.25,6.5,80,Hopper,8,USD,1,Verda,H100 SXM,https://api.verda.com/v1/docs#tag/instance-types/GET/v1/instance-types,2026-06-11T00:00:16.681740+00:00,
2026-06-11,verda,h100,2,spot,,1.1375,2.275,80,Hopper,8,USD,1,Verda,H100 SXM,https://api.verda.com/v1/docs#tag/instance-types/GET/v1/instance-types,2026-06-11T00:00:16.736263+00:00,
2026-06-11,verda,h100,4,on_demand,,3.25,13,80,Hopper,8,USD,1,Verda,H100 SXM,https://api.verda.com/v1/docs#tag/instance-types/GET/v1/instance-types,2026-06-11T00:00:16.758106+00:00,
2026-06-11,verda,h100,4,spot,,1.1375,4.55,80,Hopper,8,USD,1,Verda,H100 SXM,https://api.verda.com/v1/docs#tag/instance-types/GET/v1/instance-types,2026-06-11T00:00:16.778046+00:00,
2026-06-11,verda,h100,8,on_demand,,3.25,26,80,Hopper,8,USD,1,Verda,H100 SXM,https://api.verda.com/v1/docs#tag/instance-types/GET/v1/instance-types,2026-06-11T00:00:16.797027+00:00,
2026-06-11,verda,h100,8,spot,,1.1375,9.1,80,Hopper,8,USD,1,Verda,H100 SXM,https://api.verda.com/v1/docs#tag/instance-types/GET/v1/instance-types,2026-06-11T00:00:16.815667+00:00,
2026-06-11,verda,h200,1,on_demand,,4,4,141,Hopper,8,USD,1,Verda,H200,https://api.verda.com/v1/docs#tag/instance-types/GET/v1/instance-types,2026-06-11T00:00:16.387431+00:00,
2026-06-11,verda,h200,1,spot,,1.4,1.4,141,Hopper,8,USD,1,Verda,H200,https://api.verda.com/v1/docs#tag/instance-types/GET/v1/instance-types,2026-06-11T00:00:16.420778+00:00,
2026-06-11,verda,h200,2,on_demand,,4,8,141,Hopper,8,USD,1,Verda,H200,https://api.verda.com/v1/docs#tag/instance-types/GET/v1/instance-types,2026-06-11T00:00:16.440353+00:00,
2026-06-11,verda,h200,2,spot,,1.4,2.8,141,Hopper,8,USD,1,Verda,H200,https://api.verda.com/v1/docs#tag/instance-types/GET/v1/instance-types,2026-06-11T00:00:16.458975+00:00,
2026-06-11,verda,h200,4,on_demand,,4,16,141,Hopper,8,USD,1,Verda,H200,https://api.verda.com/v1/docs#tag/instance-types/GET/v1/instance-types,2026-06-11T00:00:16.477153+00:00,
2026-06-11,verda,h200,4,spot,,1.4,5.6,141,Hopper,8,USD,1,Verda,H200,https://api.verda.com/v1/docs#tag/instance-types/GET/v1/instance-types,2026-06-11T00:00:16.496483+00:00,
2026-06-11,verda,h200,8,on_demand,,4,32,141,Hopper,8,USD,1,Verda,H200,https://api.verda.com/v1/docs#tag/instance-types/GET/v1/instance-types,2026-06-11T00:00:16.516251+00:00,
2026-06-11,verda,h200,8,spot,,1.4,11.2,141,Hopper,8,USD,1,Verda,H200,https://api.verda.com/v1/docs#tag/instance-types/GET/v1/instance-types,2026-06-11T00:00:16.535240+00:00,
2026-06-11,voltage,h100,1,on_demand,,1.99,1.99,80,Hopper,8,USD,1,Voltage Park,H100 SXM,https://shadeform.com/directory/instances?cloud=voltagepark&gputype=H100&numgpus=1&referral=6B321750,2026-06-11T00:00:35.223999+00:00,
2026-06-11,voltage,h100,2,on_demand,,1.99,3.98,80,Hopper,8,USD,1,Voltage Park,H100 SXM,https://shadeform.com/directory/instances?cloud=voltagepark&gputype=H100&numgpus=2&referral=6B321750,2026-06-11T00:00:35.261002+00:00,
2026-06-11,voltage,h100,4,on_demand,,1.99,7.96,80,Hopper,8,USD,1,Voltage Park,H100 SXM,https://shadeform.com/directory/instances?cloud=voltagepark&gputype=H100&numgpus=4&referral=6B321750,2026-06-11T00:00:35.242177+00:00,
2026-06-11,voltage,h100,8,on_demand,,1.99,15.92,80,Hopper,8,USD,1,Voltage Park,H100 SXM,https://shadeform.com/directory/instances?cloud=voltagepark&gputype=H100&numgpus=8&referral=6B321750,2026-06-11T00:00:35.280097+00:00,
2026-06-11,vultr,a100sxm,1,on_demand,,2.6,2.6,80,Ampere,1,USD,1,Vultr,A100 SXM,https://shadeform.com/directory/instances?cloud=vultr&gputype=A100_80G&numgpus=1&referral=6B321750,2026-06-11T00:00:36.161813+00:00,
